id,team,position,first_name,second_name,web_name,known_name,team_join_date,birth_date,total_points,bonus,bps,minutes,starts,goals_scored,assists,clean_sheets,goals_conceded,own_goals,penalties_saved,penalties_missed,yellow_cards,red_cards,saves,clearances_blocks_interceptions,recoveries,tackles,defensive_contribution,expected_goals,expected_assists,expected_goal_involvements,expected_goals_conceded,points_per_game,points_per_game_rank,points_per_game_rank_type,saves_per_90,goals_conceded_per_90,starts_per_90,clean_sheets_per_90,defensive_contribution_per_90,expected_goals_per_90,expected_assists_per_90,expected_goal_involvements_per_90,expected_goals_conceded_per_90,influence,creativity,threat,ict_index,influence_rank,influence_rank_type,creativity_rank,creativity_rank_type,threat_rank,threat_rank_type,ict_index_rank,ict_index_rank_type
1,Arsenal,GKP,David,Raya Martín,Raya,,2024-07-04,1995-09-15,162,11,633,3330,37,0,0,19,26,0,0,0,1,0,60,37,304,1,0,0.00,0.07,0.07,27.56,4.4,36,3,1.62,0.7,1.0,0.51,0.0,0.0,0.0,0.0,0.74,541.6,33.5,0.0,57.5,108,17,391,3,833,97,279,17
2,Arsenal,GKP,Kepa,Arrizabalaga Revuelta,Arrizabalaga,,2025-07-01,1994-10-03,2,0,11,90,1,0,0,0,1,0,0,0,0,0,2,3,8,0,0,0.00,0.00,0.00,0.98,2.0,343,35,2.0,1.0,1.0,0.0,0.0,0.0,0.0,0.0,0.98,19.8,0.0,0.0,2.0,464,38,572,55,541,40,489,38
3,Arsenal,GKP,Karl,Hein,Hein,,2020-10-28,2002-04-13,0,0,0,0,0,0,0,0,0,0,0,0,0,0,0,0,0,0,0,0.00,0.00,0.00,0.00,0.0,610,76,0.0,0.0,0.0,0.0,0.0,0.0,0.0,0.0,0.0,0.0,0.0,0.0,0.0,599,76,590,65,559,50,602,76
4,Arsenal,GKP,Tommy,Setford,Setford,,2024-07-24,2006-03-13,0,0,0,0,0,0,0,0,0,0,0,0,0,0,0,0,0,0,0,0.00,0.00,0.00,0.00,0.0,583,62,0.0,0.0,0.0,0.0,0.0,0.0,0.0,0.0,0.0,0.0,0.0,0.0,0.0,572,62,558,46,527,31,575,62
5,Arsenal,DEF,Gabriel,dos Santos Magalhães,Gabriel,Gabriel Magalhães,2020-09-01,1997-12-19,209,30,724,2750,30,3,5,18,20,0,0,0,4,0,0,239,64,38,277,2.94,1.75,4.69,22.01,6.5,4,1,0.0,0.65,0.98,0.59,9.07,0.1,0.06,0.16,0.72,824.0,128.5,298.0,125.0,27,9,274,77,116,18,91,20
6,Arsenal,DEF,William,Saliba,Saliba,,2019-07-25,2001-03-24,137,12,581,2614,30,1,0,15,20,0,0,0,2,0,0,158,113,35,193,0.88,1.21,2.09,20.41,4.4,37,13,0.0,0.69,1.03,0.52,6.64,0.03,0.04,0.07,0.7,552.6,201.0,90.0,84.3,104,48,205,51,302,91,192,66
7,Arsenal,DEF,Riccardo,Calafiori,Calafiori,,2024-07-29,2002-05-19,109,6,389,1697,22,1,2,13,8,0,0,0,5,0,0,70,74,32,102,3.36,0.76,4.12,9.72,4.2,46,16,0.0,0.42,1.17,0.69,5.41,0.18,0.04,0.22,0.52,283.0,182.3,313.0,77.9,257,101,223,56,107,14,211,74
8,Arsenal,DEF,Jurriën,Timber,J.Timber,,2023-07-14,2001-06-17,149,9,532,2452,28,3,6,13,20,0,0,0,5,0,0,82,97,66,148,4.71,1.53,6.24,17.45,5.0,13,3,0.0,0.73,1.03,0.48,5.43,0.17,0.06,0.23,0.64,499.0,402.6,352.0,125.7,132,58,89,22,90,10,90,19
9,Arsenal,DEF,Jakub,Kiwior,Kiwior,,2023-01-23,2000-02-15,0,0,0,0,0,0,0,0,0,0,0,0,0,0,0,0,0,0,0,0.00,0.00,0.00,0.00,0.0,825,270,0.0,0.0,0.0,0.0,0.0,0.0,0.0,0.0,0.0,0.0,0.0,0.0,0.0,825,270,825,270,824,270,825,270
10,Arsenal,DEF,Myles,Lewis-Skelly,Lewis-Skelly,,2022-12-04,2006-09-26,29,0,110,697,5,0,0,2,8,0,0,0,3,0,0,17,30,8,25,0.10,0.20,0.30,9.01,1.4,436,159,0.0,1.03,0.65,0.26,3.23,0.01,0.03,0.04,1.16,73.2,74.6,29.0,17.6,410,153,336,115,383,133,403,144
11,Arsenal,DEF,Benjamin,White,White,,2021-07-30,1997-10-08,45,3,181,699,9,0,1,5,6,0,0,0,0,0,0,38,28,15,53,0.45,0.69,1.14,8.68,3.8,81,29,0.0,0.77,1.16,0.64,6.82,0.06,0.09,0.15,1.12,154.8,133.4,54.0,34.3,344,130,267,73,344,113,355,118
13,Arsenal,DEF,Brayden,Clarke,Clarke,,,,0,0,0,0,0,0,0,0,0,0,0,0,0,0,0,0,0,0,0,0.00,0.00,0.00,0.00,0.0,540,186,0.0,0.0,0.0,0.0,0.0,0.0,0.0,0.0,0.0,0.0,0.0,0.0,0.0,529,186,510,185,478,180,532,186
14,Arsenal,DEF,Maldini,Kacurri,Kacurri,,,,0,0,0,0,0,0,0,0,0,0,0,0,0,0,0,0,0,0,0,0.00,0.00,0.00,0.00,0.0,588,210,0.0,0.0,0.0,0.0,0.0,0.0,0.0,0.0,0.0,0.0,0.0,0.0,0.0,577,210,563,209,532,205,580,210
15,Arsenal,DEF,Josh,Nichols,Nichols,,2024-07-24,2006-07-26,0,0,0,0,0,0,0,0,0,0,0,0,0,0,0,0,0,0,0,0.00,0.00,0.00,0.00,0.0,539,185,0.0,0.0,0.0,0.0,0.0,0.0,0.0,0.0,0.0,0.0,0.0,0.0,0.0,528,185,508,183,476,178,531,185
16,Arsenal,MID,Bukayo,Saka,Saka,,2018-11-28,2001-09-05,157,18,570,2218,25,7,10,12,16,0,0,0,2,0,0,28,116,40,184,7.57,7.16,14.73,15.57,5.1,12,6,0.0,0.65,1.01,0.49,7.47,0.31,0.29,0.6,0.63,627.0,847.6,828.0,230.6,74,22,12,11,11,6,11,8
17,Arsenal,MID,Martin,Ødegaard,Ødegaard,,2021-08-20,1998-12-17,74,5,306,1363,16,1,7,6,13,0,0,0,0,0,0,13,70,19,102,1.25,3.65,4.90,16.20,3.1,187,73,0.0,0.86,1.06,0.4,6.74,0.08,0.24,0.32,1.07,311.8,564.4,168.0,104.4,238,100,44,38,218,117,138,75
18,Arsenal,MID,Noni,Madueke,Madueke,,2025-07-18,2002-03-10,72,9,254,1205,16,3,1,8,9,0,0,0,0,0,0,14,35,21,70,1.23,2.86,4.09,12.77,2.8,230,90,0.0,0.67,1.2,0.6,5.23,0.09,0.21,0.3,0.95,257.4,352.8,404.0,101.3,272,115,113,79,77,45,145,79
19,Arsenal,MID,Gabriel,Martinelli Silva,Martinelli,Gabriel Martinelli,2019-07-15,2001-06-18,57,3,195,1065,11,1,5,2,8,0,0,0,3,0,0,13,52,12,77,4.12,1.27,5.39,10.51,1.9,372,161,0.0,0.68,0.93,0.17,6.51,0.35,0.11,0.46,0.89,204.6,202.2,390.0,79.0,308,131,204,135,82,49,209,99
20,Arsenal,MID,Leandro,Trossard,Trossard,,2023-01-20,1994-12-04,119,11,445,1997,21,6,6,11,15,0,0,0,2,0,0,26,80,27,133,5.60,3.59,9.18,13.94,3.8,85,41,0.0,0.68,0.95,0.5,5.99,0.25,0.16,0.41,0.63,494.0,545.5,541.0,158.3,134,45,47,41,48,27,51,35
21,Arsenal,MID,Declan,Rice,Rice,,2023-07-15,1999-01-14,184,23,790,3093,35,4,9,18,25,0,0,0,3,0,0,127,180,69,376,3.15,7.32,10.47,23.87,5.1,9,4,0.0,0.73,1.02,0.52,10.94,0.09,0.21,0.3,0.69,827.2,1027.4,298.0,215.4,26,9,4,4,115,69,15,11
22,Arsenal,MID,Mikel,Merino Zazón,Merino,,2024-08-27,1996-06-22,67,5,236,1024,10,4,3,4,10,0,0,0,1,0,0,30,57,26,113,3.36,1.45,4.81,7.36,3.0,199,78,0.0,0.88,0.88,0.35,9.93,0.3,0.13,0.43,0.65,304.4,191.8,244.0,73.6,242,102,215,143,143,78,225,108
23,Arsenal,MID,Fábio,Ferreira Vieira,Fábio Vieira,,2022-06-21,2000-05-30,0,0,0,0,0,0,0,0,0,0,0,0,0,0,0,0,0,0,0,0.00,0.00,0.00,0.00,0.0,824,367,0.0,0.0,0.0,0.0,0.0,0.0,0.0,0.0,0.0,0.0,0.0,0.0,0.0,824,367,824,367,823,367,824,367
24,Arsenal,MID,Christian,Nørgaard,Nørgaard,,2025-07-10,1994-03-10,7,0,28,101,1,0,0,0,1,0,0,0,0,0,0,9,4,3,16,0.08,0.04,0.12,2.28,1.0,514,236,0.0,0.89,0.89,0.0,14.26,0.07,0.04,0.11,2.03,23.4,5.5,10.0,4.0,459,203,461,221,429,210,472,211
25,Arsenal,MID,Ethan,Nwaneri,Nwaneri,,2022-09-17,2007-03-21,8,0,20,165,0,0,0,1,0,0,0,0,0,0,0,1,10,2,13,0.23,0.08,0.31,0.73,1.3,448,198,0.0,0.0,0.0,0.55,7.09,0.13,0.04,0.17,0.4,8.6,22.5,24.0,5.4,483,215,410,204,392,195,461,205
26,Arsenal,MID,Martín,Zubimendi Ibáñez,Zubimendi,,2025-07-06,1999-02-02,133,9,604,2991,34,5,1,16,25,0,0,0,4,0,0,123,116,68,307,2.84,2.27,5.11,26.09,3.5,116,50,0.0,0.75,1.02,0.48,9.24,0.09,0.07,0.16,0.79,603.2,385.1,271.0,126.2,81,26,99,70,131,73,89,55
28,Arsenal,MID,Ismeal,Kabia,Kabia,,2024-09-14,2005-12-10,0,0,0,0,0,0,0,0,0,0,0,0,0,0,0,0,0,0,0,0.00,0.00,0.00,0.00,0.0,755,315,0.0,0.0,0.0,0.0,0.0,0.0,0.0,0.0,0.0,0.0,0.0,0.0,0.0,753,314,746,313,733,310,753,314
29,Arsenal,MID,Albert,Sambi Lokonga,Sambi,,2021-07-19,1999-10-22,0,0,0,0,0,0,0,0,0,0,0,0,0,0,0,0,0,0,0,0.00,0.00,0.00,0.00,0.0,714,279,0.0,0.0,0.0,0.0,0.0,0.0,0.0,0.0,0.0,0.0,0.0,0.0,0.0,708,274,704,276,687,270,710,276
30,Arsenal,FWD,Kai,Havertz,Havertz,,2023-06-28,1999-06-11,36,3,143,577,7,2,3,4,4,0,0,0,1,0,0,10,14,8,32,3.31,0.64,3.95,6.68,3.0,202,22,0.0,0.62,1.09,0.62,4.99,0.52,0.1,0.62,1.04,152.6,134.6,210.0,49.9,346,35,265,31,173,40,305,35
31,Arsenal,FWD,Gabriel,Fernando de Jesus,G.Jesus,Gabriel Jesus,2022-07-04,1997-04-03,24,0,92,418,3,3,0,1,6,0,0,0,3,0,0,7,19,4,30,2.71,0.26,2.97,3.97,1.7,407,47,0.0,1.29,0.65,0.22,6.46,0.58,0.06,0.64,0.85,141.8,54.3,281.0,47.5,355,39,363,45,127,34,315,38
266,Arsenal,MID,Eberechi,Eze,Eze,,2025-08-23,1998-06-29,113,8,439,1885,22,7,3,11,14,0,0,0,1,0,0,22,79,19,120,5.18,2.66,7.84,14.21,3.4,141,61,0.0,0.67,1.05,0.53,5.73,0.25,0.13,0.38,0.68,393.4,305.7,455.0,115.1,187,73,143,95,60,34,108,60
662,Arsenal,DEF,Cristhian,Mosquera,Mosquera,,2025-07-24,2004-06-27,40,1,195,986,9,0,0,3,8,0,0,0,4,0,0,63,35,32,95,0.10,0.63,0.73,9.04,2.0,357,132,0.0,0.73,0.82,0.27,8.67,0.01,0.06,0.07,0.83,219.2,88.7,20.0,32.9,295,117,307,100,405,145,359,121
666,Arsenal,FWD,Viktor,Gyökeres,Gyökeres,,2025-07-26,1998-06-04,128,16,474,2217,26,14,1,12,14,0,0,0,5,0,0,23,55,7,85,12.26,1.94,14.19,17.81,3.6,110,11,0.0,0.57,1.06,0.49,3.45,0.5,0.08,0.58,0.72,539.6,271.7,772.0,157.5,111,10,159,14,21,12,52,9
700,Arsenal,MID,Max,Dowman,Dowman,,2025-07-22,2009-12-31,16,0,51,152,1,1,1,1,1,0,0,0,0,0,0,1,13,2,16,1.19,0.30,1.49,0.88,2.7,234,91,0.0,0.59,0.59,0.59,9.47,0.7,0.18,0.88,0.52,45.2,55.5,65.0,16.6,434,189,360,189,330,170,409,187
711,Arsenal,MID,Andre,Harriman-Annous,Harriman-Annous,,2025-07-22,2007-12-28,0,0,0,0,0,0,0,0,0,0,0,0,0,0,0,0,0,0,0,0.00,0.00,0.00,0.00,0.0,703,273,0.0,0.0,0.0,0.0,0.0,0.0,0.0,0.0,0.0,0.0,0.0,0.0,0.0,697,268,692,270,673,263,699,270
725,Arsenal,DEF,Piero,Hincapié,Hincapie,,2025-09-01,2002-01-09,87,7,335,1787,20,1,2,5,19,1,0,0,2,0,0,123,63,48,171,0.36,1.67,2.03,17.53,3.5,118,45,0.0,0.96,1.01,0.25,8.61,0.02,0.08,0.1,0.88,453.6,184.7,72.0,70.9,150,63,221,55,321,103,235,80
759,Arsenal,DEF,Marli,Salmon,Salmon,,2025-07-22,2009-08-29,0,0,0,0,0,0,0,0,0,0,0,0,0,0,0,0,0,0,0,0.00,0.00,0.00,0.00,0.0,646,244,0.0,0.0,0.0,0.0,0.0,0.0,0.0,0.0,0.0,0.0,0.0,0.0,0.0,636,245,628,244,598,241,639,245
32,Aston Villa,GKP,Emiliano,Martínez Romero,Martinez,,2020-09-16,1992-09-02,120,11,530,2835,32,0,1,7,39,0,1,0,2,0,95,27,272,0,0,0.00,0.08,0.08,42.92,3.8,80,8,3.02,1.24,1.02,0.22,0.0,0.0,0.0,0.0,1.36,769.8,23.2,0.0,79.2,38,10,408,4,800,93,206,10
33,Aston Villa,GKP,Marco,Bizot,M.Bizot,,2025-07-15,1991-03-10,16,0,75,585,6,0,0,1,10,0,0,0,2,0,19,10,53,0,0,0.00,0.00,0.00,11.02,2.3,302,29,2.92,1.54,0.92,0.15,0.0,0.0,0.0,0.0,1.7,139.2,0.0,0.0,13.9,358,26,642,83,614,68,415,26
34,Aston Villa,GKP,Joe,Gauci,Gauci,,2024-02-01,2000-07-04,0,0,0,0,0,0,0,0,0,0,0,0,0,0,0,0,0,0,0,0.00,0.00,0.00,0.00,0.0,609,75,0.0,0.0,0.0,0.0,0.0,0.0,0.0,0.0,0.0,0.0,0.0,0.0,0.0,598,75,589,64,558,49,601,75
35,Aston Villa,GKP,Filip,Marschall,Marschall,,2021-12-13,2003-04-24,0,0,0,0,0,0,0,0,0,0,0,0,0,0,0,0,0,0,0,0.00,0.00,0.00,0.00,0.0,608,74,0.0,0.0,0.0,0.0,0.0,0.0,0.0,0.0,0.0,0.0,0.0,0.0,0.0,597,74,588,63,557,48,600,74
36,Aston Villa,DEF,Matty,Cash,Cash,,2020-09-03,1997-08-07,117,7,450,3016,34,3,3,8,38,0,0,0,9,0,0,120,88,66,186,1.14,2.94,4.08,45.45,3.3,145,52,0.0,1.13,1.01,0.24,5.55,0.03,0.09,0.12,1.36,643.0,510.7,221.0,137.5,70,32,57,8,163,35,77,15
37,Aston Villa,DEF,Lucas,Digne,Digne,,2022-01-13,1993-07-20,97,5,381,1842,21,0,7,7,23,0,0,0,3,0,0,77,63,36,113,0.67,3.28,3.95,27.79,3.1,178,68,0.0,1.12,1.03,0.34,5.52,0.03,0.16,0.19,1.36,400.2,455.5,130.0,98.5,183,75,72,15,251,65,154,51
38,Aston Villa,DEF,Ezri,Konsa Ngoyo,Konsa,,2019-07-11,1997-10-23,100,3,497,3035,34,0,1,9,44,0,0,0,0,1,0,174,108,22,196,1.27,0.59,1.86,48.93,2.9,205,81,0.0,1.3,1.01,0.27,5.81,0.04,0.02,0.06,1.45,601.4,108.3,124.0,84.0,83,35,293,91,258,68,193,67
39,Aston Villa,DEF,Ian,Maatsen,Maatsen,,2024-06-28,2002-03-10,54,1,242,1590,17,0,1,2,27,0,0,0,2,0,0,85,82,43,128,1.26,2.39,3.65,26.64,1.8,377,140,0.0,1.53,0.96,0.11,7.25,0.07,0.14,0.21,1.51,336.6,373.4,231.0,94.3,219,89,105,26,155,32,165,55
40,Aston Villa,DEF,Tyrone,Mings,Mings,,2019-07-08,1993-03-13,50,4,169,1322,15,0,1,3,23,0,0,0,1,0,0,102,47,5,107,1.30,0.42,1.72,23.37,2.9,204,80,0.0,1.57,1.02,0.2,7.28,0.09,0.03,0.12,1.59,282.6,80.5,105.0,46.8,258,102,327,110,278,80,319,105
41,Aston Villa,DEF,Pau,Torres,Pau,,2023-07-12,1997-01-16,64,2,280,1673,18,0,2,5,19,1,0,0,1,0,0,90,79,22,112,1.33,0.39,1.72,22.81,3.0,191,75,0.0,1.02,0.97,0.27,6.03,0.07,0.02,0.09,1.23,321.8,47.1,79.0,45.1,233,92,376,135,311,97,325,110
42,Aston Villa,DEF,Andrés,García,A.García,,2025-01-21,2003-02-07,5,0,12,83,1,0,0,0,3,0,0,0,0,0,0,5,4,5,10,0.00,0.01,0.01,2.74,0.8,529,179,0.0,3.25,1.08,0.0,10.84,0.0,0.01,0.01,2.97,17.8,3.2,2.0,2.3,468,170,470,169,456,171,486,173
43,Aston Villa,DEF,Álex,Moreno Lopera,Alex Moreno,,2023-01-11,1993-06-08,0,0,0,0,0,0,0,0,0,0,0,0,0,0,0,0,0,0,0,0.00,0.00,0.00,0.00,0.0,593,212,0.0,0.0,0.0,0.0,0.0,0.0,0.0,0.0,0.0,0.0,0.0,0.0,0.0,582,212,570,211,539,207,585,212
44,Aston Villa,DEF,Lamare,Bogarde,Bogarde,,2021-01-07,2004-01-05,40,4,121,1042,11,0,0,2,17,0,0,0,5,0,0,34,43,26,60,0.00,0.20,0.20,15.38,1.4,430,155,0.0,1.47,0.95,0.17,5.18,0.0,0.02,0.02,1.33,133.0,59.4,14.0,20.6,365,135,356,124,416,153,393,138
45,Aston Villa,DEF,Lino,da Cruz Sousa,Sousa,,,,0,0,0,0,0,0,0,0,0,0,0,0,0,0,0,0,0,0,0,0.00,0.00,0.00,0.00,0.0,551,194,0.0,0.0,0.0,0.0,0.0,0.0,0.0,0.0,0.0,0.0,0.0,0.0,0.0,540,194,522,193,490,188,543,194
46,Aston Villa,DEF,Yasin,Özcan,Yasin,,2025-06-01,2006-04-20,0,0,0,0,0,0,0,0,0,0,0,0,0,0,0,0,0,0,0,0.00,0.00,0.00,0.00,0.0,637,236,0.0,0.0,0.0,0.0,0.0,0.0,0.0,0.0,0.0,0.0,0.0,0.0,0.0,627,237,619,236,589,233,630,237
47,Aston Villa,MID,Morgan,Rogers,Rogers,,2024-02-01,2002-07-26,169,17,605,3280,37,10,8,9,48,0,0,0,7,0,0,49,139,42,230,6.84,4.32,11.16,51.55,4.6,27,12,0.0,1.32,1.02,0.25,6.31,0.19,0.12,0.31,1.41,746.2,706.2,871.0,232.0,41,11,26,25,8,3,9,6
48,Aston Villa,MID,Youri,Tielemans,Tielemans,,2023-06-14,1997-05-07,68,3,417,1857,21,0,4,4,27,0,0,0,0,0,0,51,94,58,203,1.14,3.26,4.40,31.34,2.7,248,101,0.0,1.31,1.02,0.19,9.84,0.06,0.16,0.22,1.52,432.0,513.6,184.0,113.1,166,61,56,48,206,107,117,66
49,Aston Villa,MID,Leon,Bailey,Bailey,,2021-08-04,1997-08-09,21,0,69,450,3,0,2,0,9,0,0,0,1,0,0,7,31,10,48,0.50,1.46,1.96,7.03,1.6,417,179,0.0,1.8,0.6,0.0,9.6,0.1,0.29,0.39,1.41,71.2,160.4,69.0,30.1,411,179,237,152,328,169,369,174
50,Aston Villa,MID,Emiliano,Buendía Stati,Buendía,,2021-06-10,1996-12-25,102,10,382,1753,21,6,2,3,24,0,0,0,6,0,0,39,109,49,197,3.38,2.23,5.61,28.03,2.8,228,88,0.0,1.23,1.08,0.15,10.11,0.17,0.11,0.28,1.44,427.0,402.1,398.0,121.4,167,62,90,65,80,47,98,57
51,Aston Villa,MID,Samuel,Iling-Junior,Iling Jr,,2024-07-01,2003-10-04,0,0,0,0,0,0,0,0,0,0,0,0,0,0,0,0,0,0,0,0.00,0.00,0.00,0.00,0.0,830,372,0.0,0.0,0.0,0.0,0.0,0.0,0.0,0.0,0.0,0.0,0.0,0.0,0.0,830,372,830,372,829,372,830,372
53,Aston Villa,MID,Donyell,Malen,Malen,,2025-01-14,1999-01-19,55,3,161,640,5,4,2,1,10,0,0,0,0,0,0,2,10,4,16,4.03,0.35,4.38,10.59,2.6,265,108,0.0,1.41,0.7,0.14,2.25,0.57,0.05,0.62,1.49,183.4,99.7,290.0,56.3,321,141,299,172,120,71,282,143
54,Aston Villa,MID,John,McGinn,McGinn,,2018-08-08,1994-10-18,103,6,443,2136,28,5,4,8,28,0,0,0,5,0,0,32,89,29,150,3.00,4.11,7.11,33.08,3.4,134,57,0.0,1.18,1.18,0.34,6.32,0.13,0.17,0.3,1.39,459.8,605.3,309.0,137.3,148,52,37,34,110,67,78,48
55,Aston Villa,MID,Ross,Barkley,Barkley,,2024-07-01,1993-12-05,56,5,221,844,7,3,2,1,15,0,0,0,1,0,0,15,45,14,74,1.58,1.26,2.84,13.20,2.7,241,94,0.0,1.6,0.75,0.11,7.89,0.17,0.13,0.3,1.41,227.8,162.3,191.0,58.1,289,122,231,150,193,103,275,139
56,Aston Villa,MID,Enzo,Barrenechea,Barrenechea,,,,0,0,0,0,0,0,0,0,0,0,0,0,0,0,0,0,0,0,0,0.00,0.00,0.00,0.00,0.0,812,359,0.0,0.0,0.0,0.0,0.0,0.0,0.0,0.0,0.0,0.0,0.0,0.0,0.0,812,359,811,359,808,358,812,359
57,Aston Villa,MID,Lewis,Dobbin,Dobbin,,2024-06-23,2003-01-03,0,0,0,0,0,0,0,0,0,0,0,0,0,0,0,0,0,0,0,0.00,0.00,0.00,0.00,0.0,808,356,0.0,0.0,0.0,0.0,0.0,0.0,0.0,0.0,0.0,0.0,0.0,0.0,0.0,808,356,807,356,804,355,808,356
58,Aston Villa,MID,Boubacar,Kamara,Kamara,,2022-06-11,1999-11-23,61,7,282,1410,17,1,3,5,15,0,0,0,5,0,0,46,65,38,149,0.53,0.84,1.36,20.80,3.4,129,54,0.0,0.96,1.09,0.32,9.51,0.03,0.05,0.08,1.33,325.0,241.3,75.0,64.2,230,96,170,112,315,164,254,127
59,Aston Villa,MID,Amadou,Onana,Onana,,2024-07-22,2001-08-16,76,4,353,1755,21,2,0,6,26,0,0,0,3,0,0,99,72,48,219,1.68,0.69,2.37,28.53,3.0,194,74,0.0,1.33,1.08,0.31,11.23,0.09,0.04,0.13,1.46,413.2,152.6,178.0,74.4,176,66,249,158,211,112,219,106
60,Aston Villa,MID,Ben,Broggio,Broggio,,2024-09-23,2007-01-29,0,0,0,0,0,0,0,0,0,0,0,0,0,0,0,0,0,0,0,0.00,0.00,0.00,0.00,0.0,700,272,0.0,0.0,0.0,0.0,0.0,0.0,0.0,0.0,0.0,0.0,0.0,0.0,0.0,694,267,689,269,670,262,696,269
61,Aston Villa,MID,Leander,Dendoncker,Dendoncker,,2022-09-01,1995-04-15,0,0,0,0,0,0,0,0,0,0,0,0,0,0,0,0,0,0,0,0.00,0.00,0.00,0.00,0.0,706,274,0.0,0.0,0.0,0.0,0.0,0.0,0.0,0.0,0.0,0.0,0.0,0.0,0.0,700,269,695,271,676,264,702,271
62,Aston Villa,MID,Jamaldeen,Jimoh-Aloba,Jimoh-Aloba,,2024-09-23,2006-10-02,1,0,3,8,0,0,0,0,0,0,0,0,0,0,0,0,1,0,1,0.00,0.00,0.00,0.61,1.0,493,221,0.0,0.0,0.0,0.0,11.25,0.0,0.0,0.0,6.86,0.2,0.3,0.0,0.1,525,239,498,242,717,298,528,241
63,Aston Villa,MID,Kadan,Young,Young,,2022-12-10,2006-01-19,0,0,0,0,0,0,0,0,0,0,0,0,0,0,0,0,0,0,0,0.00,0.00,0.00,0.00,0.0,672,253,0.0,0.0,0.0,0.0,0.0,0.0,0.0,0.0,0.0,0.0,0.0,0.0,0.0,661,244,657,248,635,238,664,246
64,Aston Villa,FWD,Ollie,Watkins,Watkins,,2020-09-09,1995-12-30,167,26,623,2833,33,16,4,9,38,0,0,0,4,0,0,23,49,22,94,15.40,1.18,16.58,43.39,4.5,32,5,0.0,1.21,1.05,0.29,2.99,0.49,0.04,0.53,1.38,720.2,330.9,1206.0,225.2,47,5,126,7,2,2,12,4
65,Aston Villa,FWD,Zépiqueno,Redmond,Redmond,,,,0,0,0,0,0,0,0,0,0,0,0,0,0,0,0,0,0,0,0,0.00,0.00,0.00,0.00,0.0,752,81,0.0,0.0,0.0,0.0,0.0,0.0,0.0,0.0,0.0,0.0,0.0,0.0,0.0,749,80,743,79,730,79,750,80
389,Aston Villa,MID,Harvey,Elliott,Elliott,,2025-09-01,2003-04-04,5,0,17,110,1,0,0,0,2,0,0,0,0,0,0,2,4,0,6,0.29,0.08,0.37,1.74,1.0,516,238,0.0,1.64,0.82,0.0,4.91,0.24,0.07,0.31,1.42,11.8,31.7,31.0,7.4,476,210,396,199,378,191,453,203
456,Aston Villa,MID,Jadon,Sancho,Sancho,,2025-09-01,2000-03-25,37,0,141,863,9,0,2,2,10,0,0,0,0,0,0,11,26,7,44,0.61,1.87,2.48,14.11,1.6,418,180,0.0,1.04,0.94,0.21,4.59,0.06,0.2,0.26,1.47,130.2,290.6,193.0,61.6,371,166,152,100,192,102,263,130
688,Aston Villa,GKP,James,Wright,Wright,,2023-03-31,2004-12-02,0,0,0,0,0,0,0,0,0,0,0,0,0,0,0,0,0,0,0,0.00,0.00,0.00,0.00,0.0,575,57,0.0,0.0,0.0,0.0,0.0,0.0,0.0,0.0,0.0,0.0,0.0,0.0,0.0,564,57,549,40,518,25,567,57
699,Aston Villa,MID,Douglas Luiz,Soares de Paulo,Douglas Luiz,Douglas Luiz,2026-01-28,1998-05-09,35,0,220,913,12,1,1,1,15,0,0,0,3,0,0,31,52,22,105,0.53,1.42,1.95,13.24,1.7,404,174,0.0,1.48,1.18,0.1,10.35,0.05,0.14,0.19,1.31,201.6,294.3,94.0,59.1,310,133,149,98,297,157,271,136
701,Aston Villa,DEF,Triston,Rowe,Rowe,,2024-09-23,2006-10-02,0,0,0,0,0,0,0,0,0,0,0,0,0,0,0,0,0,0,0,0.00,0.00,0.00,0.00,0.0,634,233,0.0,0.0,0.0,0.0,0.0,0.0,0.0,0.0,0.0,0.0,0.0,0.0,0.0,624,234,616,233,586,230,627,234
702,Aston Villa,MID,Bradley,Burrowes,Burrowes,,2025-01-09,2008-03-04,1,0,3,16,0,0,0,0,1,0,0,0,0,0,0,0,1,0,1,0.00,0.00,0.00,0.90,1.0,483,211,0.0,5.62,0.0,0.0,5.62,0.0,0.0,0.0,5.06,0.0,0.3,0.0,0.0,672,254,497,241,645,248,674,256
703,Aston Villa,GKP,Sam,Proctor,Proctor,,2023-12-16,2006-12-21,0,0,0,0,0,0,0,0,0,0,0,0,0,0,0,0,0,0,0,0.00,0.00,0.00,0.00,0.0,584,63,0.0,0.0,0.0,0.0,0.0,0.0,0.0,0.0,0.0,0.0,0.0,0.0,0.0,573,63,559,47,528,32,576,63
710,Aston Villa,DEF,Travis,Patterson,Patterson,,2025-08-30,2005-10-06,0,0,0,0,0,0,0,0,0,0,0,0,0,0,0,0,0,0,0,0.00,0.00,0.00,0.00,0.0,581,207,0.0,0.0,0.0,0.0,0.0,0.0,0.0,0.0,0.0,0.0,0.0,0.0,0.0,570,207,556,206,525,202,573,207
719,Aston Villa,DEF,Victor,Lindelöf,Lindelöf,,2025-09-01,1994-07-17,29,0,124,942,11,0,1,1,15,0,0,0,0,0,0,47,19,7,54,0.28,0.10,0.38,15.93,1.7,397,145,0.0,1.43,1.05,0.1,5.16,0.03,0.01,0.04,1.52,167.8,36.6,22.0,22.7,331,127,388,139,398,142,390,137
754,Aston Villa,MID,George,Hemmings,George Hemmings,,2025-08-05,2007-03-04,2,0,5,25,0,0,0,0,0,0,0,0,0,0,0,0,1,0,1,0.04,0.01,0.05,0.61,1.0,498,224,0.0,0.0,0.0,0.0,3.6,0.14,0.04,0.18,2.2,0.0,1.7,2.0,0.3,750,311,483,233,464,228,520,237
757,Aston Villa,GKP,Ronnie,Hollingshead,Hollingshead,,2025-12-02,2004-09-09,0,0,0,0,0,0,0,0,0,0,0,0,0,0,0,0,0,0,0,0.00,0.00,0.00,0.00,0.0,624,84,0.0,0.0,0.0,0.0,0.0,0.0,0.0,0.0,0.0,0.0,0.0,0.0,0.0,614,84,606,74,575,59,617,84
768,Aston Villa,DEF,Leon,Routh,Leon Routh,,2025-12-20,2007-11-30,0,0,0,0,0,0,0,0,0,0,0,0,0,0,0,0,0,0,0,0.00,0.00,0.00,0.00,0.0,654,251,0.0,0.0,0.0,0.0,0.0,0.0,0.0,0.0,0.0,0.0,0.0,0.0,0.0,644,252,636,251,607,249,647,252
781,Aston Villa,DEF,TJ,Carroll,Carroll,,2026-01-02,2007-03-22,0,0,0,0,0,0,0,0,0,0,0,0,0,0,0,0,0,0,0,0.00,0.00,0.00,0.00,0.0,647,245,0.0,0.0,0.0,0.0,0.0,0.0,0.0,0.0,0.0,0.0,0.0,0.0,0.0,637,246,629,245,599,242,640,246
792,Aston Villa,MID,Alysson Edward Franco,da Rocha dos Santos,Alysson,Alysson Edward,2026-01-01,2006-05-05,3,0,11,47,0,0,0,0,2,0,0,0,0,0,0,1,3,0,4,0.05,0.05,0.10,1.87,1.0,513,235,0.0,3.83,0.0,0.0,7.66,0.1,0.1,0.2,3.58,3.2,3.5,10.0,1.5,505,230,469,224,428,209,498,227
808,Aston Villa,FWD,Tammy,Abraham,Abraham,,2026-01-27,1997-10-02,23,2,93,278,2,2,0,0,8,0,0,0,0,0,0,3,6,4,13,2.05,0.36,2.41,5.12,1.9,368,41,0.0,2.59,0.65,0.0,4.21,0.66,0.12,0.78,1.66,87.2,49.2,136.0,27.1,401,46,371,47,244,47,378,47
183,Burnley,GKP,Max,Weiß,Weiss,,2025-06-25,2004-06-15,7,0,39,270,3,0,0,0,4,0,0,0,0,0,10,4,21,0,0,0.00,0.00,0.00,4.82,2.3,304,30,3.33,1.33,1.0,0.0,0.0,0.0,0.0,0.0,1.61,76.8,10.0,0.0,8.7,408,32,441,12,621,74,441,30
184,Burnley,GKP,Etienne,Green,Green,,2024-08-07,2000-07-19,0,0,0,0,0,0,0,0,0,0,0,0,0,0,0,0,0,0,0,0.00,0.00,0.00,0.00,0.0,614,79,0.0,0.0,0.0,0.0,0.0,0.0,0.0,0.0,0.0,0.0,0.0,0.0,0.0,603,79,594,68,563,53,606,79
185,Burnley,GKP,Václav,Hladký,Hladký,,2024-07-19,1990-11-14,0,0,0,0,0,0,0,0,0,0,0,0,0,0,0,0,0,0,0,0.00,0.00,0.00,0.00,0.0,560,45,0.0,0.0,0.0,0.0,0.0,0.0,0.0,0.0,0.0,0.0,0.0,0.0,0.0,549,45,531,25,500,10,552,45
186,Burnley,DEF,Connor,Roberts,Roberts,,2021-08-31,1995-09-23,0,0,0,0,0,0,0,0,0,0,0,0,0,0,0,0,0,0,0,0.00,0.00,0.00,0.00,0.0,667,256,0.0,0.0,0.0,0.0,0.0,0.0,0.0,0.0,0.0,0.0,0.0,0.0,0.0,656,256,651,256,627,255,659,256
187,Burnley,DEF,Kyle,Walker,Walker,,2025-07-05,1990-05-28,70,3,242,3095,35,0,2,4,66,0,0,0,9,0,0,156,155,56,212,0.15,1.29,1.44,67.53,1.9,361,135,0.0,1.92,1.02,0.12,6.16,0.0,0.04,0.04,1.96,506.0,237.2,28.0,77.4,130,56,174,45,384,134,212,75
188,Burnley,DEF,Hannes,Delcroix,Delcroix,,2023-08-22,1999-02-28,0,0,0,0,0,0,0,0,0,0,0,0,0,0,0,0,0,0,0,0.00,0.00,0.00,0.00,0.0,546,190,0.0,0.0,0.0,0.0,0.0,0.0,0.0,0.0,0.0,0.0,0.0,0.0,0.0,535,190,516,189,484,184,538,190
189,Burnley,DEF,Owen,Dodgson,Dodgson,,2021-08-20,2003-03-19,0,0,0,0,0,0,0,0,0,0,0,0,0,0,0,0,0,0,0,0.00,0.00,0.00,0.00,0.0,607,220,0.0,0.0,0.0,0.0,0.0,0.0,0.0,0.0,0.0,0.0,0.0,0.0,0.0,596,220,587,219,556,215,599,220
190,Burnley,DEF,Hjalmar,Ekdal,Ekdal,,2023-01-21,1998-10-21,52,2,159,1539,17,0,0,2,34,0,0,0,0,0,0,150,49,24,174,0.25,0.32,0.57,31.03,2.7,231,91,0.0,1.99,0.99,0.12,10.18,0.01,0.02,0.03,1.81,372.0,55.8,88.0,51.7,200,84,358,126,304,92,297,93
191,Burnley,DEF,Maxime,Estève,Estève,,2024-06-14,2002-05-26,85,0,264,2933,34,0,0,3,70,2,0,0,1,0,0,290,114,44,334,0.73,0.59,1.32,67.06,2.5,270,105,0.0,2.15,1.04,0.09,10.25,0.02,0.02,0.04,2.06,745.4,92.5,97.0,93.7,42,17,305,99,288,84,167,56
192,Burnley,DEF,Quilindschy,Hartman,Hartman,,2025-06-26,2001-11-14,63,0,228,1825,21,0,6,3,40,0,0,0,1,0,0,101,69,52,153,0.32,1.98,2.30,42.91,3.0,189,74,0.0,1.97,1.04,0.15,7.55,0.02,0.1,0.12,2.12,422.2,288.8,83.0,79.5,170,70,153,40,307,94,204,71
193,Burnley,DEF,Bashir,Humphreys,Humphreys,,2025-07-01,2003-03-15,47,1,210,1574,17,0,2,2,33,0,0,0,6,0,0,114,69,27,141,0.42,0.68,1.10,35.30,2.4,286,110,0.0,1.89,0.97,0.11,8.06,0.02,0.04,0.06,2.02,379.0,135.6,101.0,61.4,193,79,264,71,285,83,265,87
194,Burnley,DEF,Jordan,Beyer,Jordan,,2023-07-01,2000-05-19,0,0,0,0,0,0,0,0,0,0,0,0,0,0,0,0,0,0,0,0.00,0.00,0.00,0.00,0.0,570,202,0.0,0.0,0.0,0.0,0.0,0.0,0.0,0.0,0.0,0.0,0.0,0.0,0.0,559,202,544,201,513,197,562,202
195,Burnley,DEF,Lucas,Pires Silva,Lucas Pires,Lucas Pires,2024-07-16,2001-03-24,25,0,127,1405,15,0,0,1,30,0,0,0,1,1,0,64,86,29,93,0.60,1.46,2.06,28.19,1.2,452,162,0.0,1.92,0.96,0.06,5.96,0.04,0.09,0.13,1.81,247.0,294.6,117.0,65.6,278,109,148,38,267,74,251,84
196,Burnley,DEF,Shurandy,Sambo,Sambo,,2024-06-28,2001-08-19,0,0,0,0,0,0,0,0,0,0,0,0,0,0,0,0,0,0,0,0.00,0.00,0.00,0.00,0.0,606,219,0.0,0.0,0.0,0.0,0.0,0.0,0.0,0.0,0.0,0.0,0.0,0.0,0.0,595,219,586,218,555,214,598,219
197,Burnley,DEF,Oliver,Sonne,Sonne,,2025-01-01,2000-11-10,13,0,20,164,1,1,0,0,4,0,0,0,0,0,0,5,4,2,7,0.55,0.08,0.63,3.79,1.9,359,133,0.0,2.2,0.55,0.0,3.84,0.3,0.04,0.34,2.08,44.8,18.1,30.0,9.2,435,160,417,153,379,130,437,158
198,Burnley,DEF,Axel,Tuanzebe,Tuanzebe,,2025-07-01,1997-11-14,34,0,102,1201,14,1,0,1,26,1,0,0,1,0,0,106,40,14,120,0.61,0.12,0.73,29.70,2.4,285,109,0.0,1.95,1.05,0.07,8.99,0.05,0.01,0.06,2.23,276.4,11.1,52.0,34.1,262,104,435,158,345,114,356,119
199,Burnley,DEF,Joe,Worrall,Worrall,,2024-08-23,1997-01-10,20,0,40,496,5,0,0,0,11,0,0,0,0,0,0,72,10,4,76,0.08,0.02,0.10,11.68,1.8,373,136,0.0,2.0,0.91,0.0,13.79,0.01,0.0,0.01,2.12,147.4,1.5,19.0,17.0,349,132,485,174,406,146,408,146
200,Burnley,MID,Jaidon,Anthony,Anthony,,2025-07-01,1999-12-01,127,6,513,2717,32,8,4,4,59,0,0,0,4,0,0,49,141,42,232,5.11,2.85,7.96,59.00,3.4,130,55,0.0,1.95,1.06,0.13,7.68,0.17,0.09,0.26,1.95,586.8,552.2,619.0,175.8,88,29,46,40,31,15,35,27
201,Burnley,MID,Manuel,Benson Hedilazio,Benson,,2022-08-04,1997-03-28,0,0,0,0,0,0,0,0,0,0,0,0,0,0,0,0,0,0,0,0.00,0.00,0.00,0.00,0.0,821,365,0.0,0.0,0.0,0.0,0.0,0.0,0.0,0.0,0.0,0.0,0.0,0.0,0.0,821,365,821,365,820,365,821,365
202,Burnley,MID,Jacob,Bruun Larsen,Bruun Larsen,,2025-07-11,1998-09-19,41,0,123,1014,10,0,1,3,29,0,0,0,0,0,0,20,31,12,63,1.37,1.16,2.53,23.46,1.5,425,184,0.0,2.57,0.89,0.27,5.59,0.12,0.1,0.22,2.08,121.0,212.4,140.0,47.4,374,168,192,126,240,132,316,154
203,Burnley,MID,Enock,Agyei,Boateng,,2023-01-30,2005-01-13,0,0,0,0,0,0,0,0,0,0,0,0,0,0,0,0,0,0,0,0.00,0.00,0.00,0.00,0.0,786,340,0.0,0.0,0.0,0.0,0.0,0.0,0.0,0.0,0.0,0.0,0.0,0.0,0.0,786,340,782,340,774,338,786,340
204,Burnley,MID,Darko,Churlinov,Churlinov,,2022-08-19,2000-07-11,0,0,0,0,0,0,0,0,0,0,0,0,0,0,0,0,0,0,0,0.00,0.00,0.00,0.00,0.0,794,345,0.0,0.0,0.0,0.0,0.0,0.0,0.0,0.0,0.0,0.0,0.0,0.0,0.0,794,345,790,345,787,344,794,345
205,Burnley,MID,Josh,Cullen,Cullen,,2022-07-12,1996-04-07,70,8,321,1513,18,2,2,3,29,1,0,0,2,0,0,68,73,32,173,0.94,1.36,2.30,32.50,3.9,73,33,0.0,1.73,1.07,0.18,10.29,0.06,0.08,0.14,1.93,342.0,218.1,98.0,66.0,215,87,184,121,287,153,249,123
206,Burnley,MID,Marcus,Edwards,Edwards,,2025-07-01,1998-12-03,51,2,189,1058,11,1,3,1,18,0,0,0,0,0,0,6,50,11,67,1.49,1.84,3.33,24.61,2.2,319,133,0.0,1.53,0.94,0.09,5.7,0.13,0.16,0.29,2.09,180.0,283.9,226.0,68.9,324,144,155,102,160,89,241,117
207,Burnley,MID,Hannibal,Mejbri,Hannibal,,2024-08-28,2003-01-21,59,4,261,1219,15,1,5,2,27,0,0,0,10,0,0,17,65,29,111,0.91,2.08,2.98,28.29,2.2,320,134,0.0,1.99,1.11,0.15,8.2,0.07,0.15,0.22,2.09,252.8,330.9,128.0,71.0,275,117,125,86,254,140,233,114
208,Burnley,MID,Luca,Koleosho,Koleosho,,2023-07-25,2004-09-15,0,0,0,0,0,0,0,0,0,0,0,0,0,0,0,0,0,0,0,0.00,0.00,0.00,0.00,0.0,811,358,0.0,0.0,0.0,0.0,0.0,0.0,0.0,0.0,0.0,0.0,0.0,0.0,0.0,811,358,810,358,807,357,811,358
209,Burnley,MID,Josh,Laurent,Laurent,,2024-08-30,1995-05-06,56,1,232,1752,18,1,0,2,41,0,0,0,6,1,0,74,64,48,186,0.87,0.48,1.35,39.20,1.7,402,173,0.0,2.11,0.92,0.1,9.55,0.04,0.02,0.06,2.01,298.0,185.1,111.0,58.6,247,105,220,145,273,148,273,138
210,Burnley,MID,Loum,Tchaouna,Tchaouna,,2025-07-02,2003-09-08,59,0,208,1259,14,2,2,2,24,0,0,0,2,0,0,13,38,18,69,1.27,0.91,2.18,25.04,2.0,352,151,0.0,1.72,1.0,0.14,4.93,0.09,0.07,0.16,1.79,185.8,231.1,173.0,59.3,319,140,179,116,214,115,270,135
211,Burnley,MID,Aaron,Ramsey,A.Ramsey,,2023-08-22,2003-01-21,0,0,0,0,0,0,0,0,0,0,0,0,0,0,0,0,0,0,0,0.00,0.00,0.00,0.00,0.0,687,263,0.0,0.0,0.0,0.0,0.0,0.0,0.0,0.0,0.0,0.0,0.0,0.0,0.0,678,255,674,258,653,249,680,257
212,Burnley,MID,Oluwaseun,Adewumi,Adewumi,,2024-08-29,2005-02-23,0,0,0,0,0,0,0,0,0,0,0,0,0,0,0,0,0,0,0,0.00,0.00,0.00,0.00,0.0,750,311,0.0,0.0,0.0,0.0,0.0,0.0,0.0,0.0,0.0,0.0,0.0,0.0,0.0,747,309,741,309,727,305,748,310
213,Burnley,MID,Jaydon,Banel,Banel,,2025-02-03,2004-10-19,1,0,2,9,0,0,0,0,0,0,0,0,0,0,0,0,0,0,0,0.00,0.00,0.00,0.05,1.0,491,219,0.0,0.0,0.0,0.0,0.0,0.0,0.0,0.0,0.5,0.0,0.5,0.0,0.0,734,299,493,237,712,294,735,300
214,Burnley,MID,Mike,Trésor Ndayishimiye,Trésor,,2024-07-01,1999-05-28,6,0,18,37,0,0,0,0,2,0,0,0,0,0,0,0,4,1,5,0.00,0.00,0.00,1.65,1.0,475,206,0.0,4.86,0.0,0.0,12.16,0.0,0.0,0.0,4.01,7.2,15.2,2.0,2.4,487,218,423,207,459,225,484,218
215,Burnley,FWD,Zian,Flemming,Flemming,,2025-06-01,1998-08-01,99,11,371,1764,21,11,0,3,35,0,0,0,5,0,0,49,33,17,99,7.94,0.41,8.35,37.06,3.4,135,13,0.0,1.79,1.07,0.15,5.05,0.41,0.02,0.43,1.89,466.0,159.5,533.0,114.9,146,15,242,27,49,21,110,19
216,Burnley,FWD,Zeki,Amdouni,Amdouni,,2023-07-19,2000-12-04,4,0,10,69,0,0,0,0,0,0,0,0,0,0,0,0,1,0,1,0.24,0.02,0.26,0.79,1.0,506,61,0.0,0.0,0.0,0.0,1.3,0.31,0.03,0.34,1.03,2.6,5.1,20.0,2.6,508,58,463,58,404,58,482,58
217,Burnley,FWD,Lyle,Foster,Foster,,2023-01-25,2000-09-03,58,4,202,1361,15,3,2,4,30,0,0,0,4,0,0,27,42,16,85,3.22,0.37,3.59,27.91,2.2,323,34,0.0,1.98,0.99,0.26,5.62,0.21,0.02,0.23,1.85,219.0,147.0,262.0,62.1,296,30,255,30,135,36,261,32
218,Burnley,FWD,Ashley,Barnes,Barnes,,2025-01-02,1989-10-30,5,0,11,40,0,0,0,0,3,0,0,0,2,0,0,0,2,0,2,0.25,0.04,0.29,2.37,0.9,523,65,0.0,6.75,0.0,0.0,4.5,0.56,0.09,0.65,5.33,2.2,1.9,44.0,4.8,509,59,480,61,351,54,465,57
219,Burnley,FWD,Michael,Obafemi,Obafemi,,2023-07-01,2000-07-06,0,0,0,0,0,0,0,0,0,0,0,0,0,0,0,0,0,0,0,0.00,0.00,0.00,0.00,0.0,684,71,0.0,0.0,0.0,0.0,0.0,0.0,0.0,0.0,0.0,0.0,0.0,0.0,0.0,675,70,671,69,650,68,677,70
470,Burnley,GKP,Martin,Dúbravka,Dúbravka,,2025-08-07,1989-01-15,96,7,436,3150,35,0,0,4,71,0,0,0,1,0,127,59,291,1,0,0.00,0.04,0.04,71.26,2.7,232,26,3.63,2.03,1.0,0.11,0.0,0.0,0.0,0.0,2.04,976.4,0.0,0.0,97.9,8,1,568,52,537,37,156,1
614,Burnley,MID,James,Ward-Prowse,Ward-Prowse,,2026-01-28,1994-11-01,40,0,248,1092,12,0,1,2,27,0,0,0,1,0,0,44,49,16,109,0.24,1.87,2.11,23.32,2.2,328,140,0.0,2.23,0.99,0.16,8.98,0.02,0.15,0.17,1.92,215.0,384.4,22.0,62.1,300,127,102,73,400,199,262,129
676,Burnley,MID,Lesley,Ugochukwu,Ugochukwu,,2025-08-06,2004-03-26,97,5,374,2330,27,3,3,3,51,0,0,0,1,1,0,63,100,51,214,2.50,0.41,2.91,52.82,2.8,224,86,0.0,1.97,1.04,0.12,8.27,0.1,0.02,0.12,2.04,412.2,181.5,210.0,80.2,177,67,224,147,172,93,202,96
680,Burnley,FWD,Armando,Broja,Broja,,2025-08-08,2001-09-10,43,2,119,843,8,1,1,1,27,0,0,0,0,0,0,12,26,6,44,2.14,0.22,2.36,23.35,1.8,386,42,0.0,2.88,0.85,0.11,4.7,0.23,0.02,0.25,2.49,102.0,78.9,207.0,38.5,390,45,330,42,177,41,340,43
722,Burnley,MID,Florentino Ibrain,Morris Luís,Florentino,Florentino,2025-09-01,1999-08-19,84,0,357,2100,25,0,2,2,45,0,0,0,6,0,0,111,113,89,313,0.64,0.52,1.16,46.26,2.7,243,96,0.0,1.93,1.07,0.09,13.41,0.03,0.02,0.05,1.98,421.0,234.5,56.0,71.4,172,64,177,114,341,177,232,113
776,Burnley,MID,Oliver,Pimlott,Pimlott,,2025-08-25,2007-04-07,0,0,0,0,0,0,0,0,0,0,0,0,0,0,0,0,0,0,0,0.00,0.00,0.00,0.00,0.0,776,332,0.0,0.0,0.0,0.0,0.0,0.0,0.0,0.0,0.0,0.0,0.0,0.0,0.0,776,332,769,331,756,328,776,332
784,Burnley,MID,George,Brierley,Brierley,,2025-09-22,2007-11-20,0,0,0,0,0,0,0,0,0,0,0,0,0,0,0,0,0,0,0,0.00,0.00,0.00,0.00,0.0,783,337,0.0,0.0,0.0,0.0,0.0,0.0,0.0,0.0,0.0,0.0,0.0,0.0,0.0,783,337,777,337,765,335,783,337
820,Burnley,MID,Kian,McMahon-Brown,McMahon-Brown,,2026-03-02,2008-08-03,0,0,0,0,0,0,0,0,0,0,0,0,0,0,0,0,0,0,0,0.00,0.00,0.00,0.00,0.0,775,331,0.0,0.0,0.0,0.0,0.0,0.0,0.0,0.0,0.0,0.0,0.0,0.0,0.0,775,331,768,330,755,327,775,331
66,Bournemouth,GKP,Norberto,Murara Neto,Neto,,2022-08-07,1989-07-19,0,0,0,0,0,0,0,0,0,0,0,0,0,0,0,0,0,0,0,0.00,0.00,0.00,0.00,0.0,705,95,0.0,0.0,0.0,0.0,0.0,0.0,0.0,0.0,0.0,0.0,0.0,0.0,0.0,699,95,694,89,675,79,701,95
67,Bournemouth,GKP,Đorđe,Petrović,Petrović,,2025-07-16,1999-10-08,124,5,512,3420,38,0,0,11,54,1,0,0,3,0,109,62,285,0,0,0.00,0.00,0.00,56.72,3.3,146,18,2.87,1.42,1.0,0.29,0.0,0.0,0.0,0.0,1.49,822.6,0.0,0.0,82.4,28,7,778,91,767,82,196,8
68,Bournemouth,GKP,Will,Dennis,Dennis,,2019-08-01,2000-07-10,0,0,0,0,0,0,0,0,0,0,0,0,0,0,0,0,0,0,0,0.00,0.00,0.00,0.00,0.0,605,73,0.0,0.0,0.0,0.0,0.0,0.0,0.0,0.0,0.0,0.0,0.0,0.0,0.0,594,73,585,62,554,47,597,73
69,Bournemouth,GKP,Callan,McKenna,McKenna,,2024-02-01,2006-12-22,0,0,0,0,0,0,0,0,0,0,0,0,0,0,0,0,0,0,0,0.00,0.00,0.00,0.00,0.0,586,64,0.0,0.0,0.0,0.0,0.0,0.0,0.0,0.0,0.0,0.0,0.0,0.0,0.0,575,64,561,48,530,33,578,64
70,Bournemouth,GKP,Alex,Paulsen,Paulsen,,2024-07-01,2002-07-04,0,0,0,0,0,0,0,0,0,0,0,0,0,0,0,0,0,0,0,0.00,0.00,0.00,0.00,0.0,619,81,0.0,0.0,0.0,0.0,0.0,0.0,0.0,0.0,0.0,0.0,0.0,0.0,0.0,608,81,599,70,568,55,611,81
71,Bournemouth,DEF,Illia,Zabarnyi,Zabarnyi,,2023-01-31,2002-09-01,0,0,0,0,0,0,0,0,0,0,0,0,0,0,0,0,0,0,0,0.00,0.00,0.00,0.00,0.0,810,267,0.0,0.0,0.0,0.0,0.0,0.0,0.0,0.0,0.0,0.0,0.0,0.0,0.0,810,267,809,267,806,267,810,267
72,Bournemouth,DEF,Marcos,Senesi Barón,Senesi,,2022-08-08,1997-05-10,175,14,571,3288,37,0,6,11,53,0,0,0,8,0,0,357,155,62,419,1.53,4.72,6.25,54.77,4.7,20,5,0.0,1.45,1.01,0.3,11.47,0.04,0.13,0.17,1.5,1114.4,367.8,201.0,168.6,4,2,106,27,186,46,38,4
73,Bournemouth,DEF,Adam,Smith,Smith,,2014-01-28,1991-04-29,58,4,185,1073,14,0,2,6,16,0,0,0,3,0,0,55,29,15,70,0.00,0.23,0.23,18.18,2.6,258,99,0.0,1.34,1.17,0.5,5.87,0.0,0.02,0.02,1.52,176.2,76.6,18.0,27.1,326,125,332,112,410,150,377,130
74,Bournemouth,DEF,Adrien,Truffert,Truffert,,2025-06-16,2001-11-20,165,19,607,3378,38,1,6,11,51,0,0,0,5,0,0,199,188,102,301,1.35,3.07,4.42,54.42,4.3,41,14,0.0,1.36,1.01,0.29,8.02,0.04,0.08,0.12,1.45,857.0,574.2,194.0,162.6,21,7,42,4,191,49,48,7
75,Bournemouth,DEF,Matai,Akinmboni,Akinmboni,,2025-01-03,2006-10-17,0,0,0,0,0,0,0,0,0,0,0,0,0,0,0,0,0,0,0,0.00,0.00,0.00,0.00,0.0,554,197,0.0,0.0,0.0,0.0,0.0,0.0,0.0,0.0,0.0,0.0,0.0,0.0,0.0,543,197,525,196,493,191,546,197
76,Bournemouth,DEF,Owen,Bevan,Bevan,,2022-08-22,2003-10-26,0,0,0,0,0,0,0,0,0,0,0,0,0,0,0,0,0,0,0,0.00,0.00,0.00,0.00,0.0,553,196,0.0,0.0,0.0,0.0,0.0,0.0,0.0,0.0,0.0,0.0,0.0,0.0,0.0,542,196,524,195,492,190,545,196
77,Bournemouth,DEF,James,Hill,Hill,,2022-01-05,2002-01-10,110,4,386,2102,22,0,3,8,24,2,0,0,5,0,0,221,74,39,260,0.89,1.16,2.04,33.42,3.8,78,28,0.0,1.03,0.94,0.34,11.13,0.04,0.05,0.09,1.43,579.4,161.7,119.0,86.3,92,40,233,58,265,72,182,61
78,Bournemouth,DEF,Julián,Araujo Zúñiga,J.Araujo,,2024-08-13,2001-08-13,0,0,0,0,0,0,0,0,0,0,0,0,0,0,0,0,0,0,0,0.00,0.00,0.00,0.00,0.0,547,191,0.0,0.0,0.0,0.0,0.0,0.0,0.0,0.0,0.0,0.0,0.0,0.0,0.0,536,191,517,190,485,185,539,191
79,Bournemouth,DEF,Chris,Mepham,Mepham,,2019-01-22,1997-11-05,0,0,0,0,0,0,0,0,0,0,0,0,0,0,0,0,0,0,0,0.00,0.00,0.00,0.00,0.0,598,216,0.0,0.0,0.0,0.0,0.0,0.0,0.0,0.0,0.0,0.0,0.0,0.0,0.0,587,216,578,215,547,211,590,216
80,Bournemouth,DEF,Julio,Soler Barreto,Soler,,2025-01-07,2005-02-16,3,0,2,34,0,0,0,0,2,0,0,0,0,0,0,0,4,1,1,0.00,0.00,0.00,1.62,1.0,468,169,0.0,5.29,0.0,0.0,2.65,0.0,0.0,0.0,4.29,1.8,2.5,2.0,0.6,513,180,474,171,455,170,510,178
81,Bournemouth,MID,Justin,Kluivert,Kluivert,,2023-07-01,1999-05-05,41,3,147,945,10,2,0,4,19,0,0,0,5,0,0,9,46,10,65,2.31,1.55,3.86,17.96,2.0,358,153,0.0,1.81,0.95,0.38,6.19,0.22,0.15,0.37,1.71,148.0,305.1,135.0,58.8,348,157,145,96,246,137,272,137
84,Bournemouth,MID,Marcus,Tavernier,Tavernier,,2022-08-01,1999-03-22,137,14,552,2732,31,7,4,11,44,0,0,0,6,0,0,62,150,39,251,9.06,4.60,13.66,41.06,4.0,59,27,0.0,1.45,1.02,0.36,8.27,0.3,0.15,0.45,1.35,656.8,816.6,605.0,207.9,65,18,15,14,34,18,20,15
85,Bournemouth,MID,Tyler,Adams,Adams,,2023-08-20,1999-02-14,77,3,346,1769,21,2,2,7,28,0,0,0,8,0,0,83,96,53,232,0.63,0.63,1.26,27.18,3.1,180,71,0.0,1.42,1.07,0.36,11.8,0.03,0.03,0.06,1.38,387.0,158.2,115.0,66.3,189,74,243,154,272,147,248,122
86,Bournemouth,MID,David,Brooks,Brooks,,2018-07-01,1997-07-08,59,4,215,1188,13,1,3,5,20,0,0,0,7,0,0,19,56,19,94,5.81,3.40,9.21,20.25,1.9,362,154,0.0,1.52,0.98,0.38,7.12,0.44,0.26,0.7,1.53,236.2,384.5,434.0,104.1,285,120,101,72,66,39,139,76
87,Bournemouth,MID,Ryan,Christie,Christie,,2021-08-31,1995-02-22,47,2,214,978,9,2,1,3,14,0,0,0,3,1,0,34,62,27,123,1.81,0.79,2.60,19.14,1.8,383,164,0.0,1.29,0.83,0.28,11.32,0.17,0.07,0.24,1.76,226.6,197.0,220.0,64.7,290,123,211,139,165,90,252,125
88,Bournemouth,MID,Lewis,Cook,Cook,,2016-07-08,1997-02-03,40,0,190,872,8,0,1,1,19,0,0,0,1,1,0,56,62,25,143,0.07,0.52,0.59,14.00,2.2,322,136,0.0,1.96,0.83,0.1,14.76,0.01,0.05,0.06,1.44,206.8,183.8,12.0,40.6,306,130,222,146,423,207,338,162
89,Bournemouth,MID,Philip,Billing,Philip,,2019-07-29,1996-06-11,0,0,0,0,0,0,0,0,0,0,0,0,0,0,0,0,0,0,0,0.00,0.00,0.00,0.00,0.0,790,342,0.0,0.0,0.0,0.0,0.0,0.0,0.0,0.0,0.0,0.0,0.0,0.0,0.0,790,342,786,342,783,341,790,342
90,Bournemouth,MID,Alex,Scott,Scott,,2023-08-10,2003-08-21,136,9,603,2848,34,3,2,11,41,0,0,0,5,0,0,133,193,60,386,3.80,2.94,6.74,47.02,3.7,93,43,0.0,1.3,1.07,0.35,12.2,0.12,0.09,0.21,1.49,597.2,482.0,314.0,139.0,84,27,63,51,105,63,73,46
91,Bournemouth,MID,Luis,Sinisterra Lucumí,Sinisterra,,2024-06-14,1999-06-17,0,0,0,0,0,0,0,0,0,0,0,0,0,0,0,0,0,0,0,0.00,0.00,0.00,0.00,0.0,806,354,0.0,0.0,0.0,0.0,0.0,0.0,0.0,0.0,0.0,0.0,0.0,0.0,0.0,806,354,805,354,802,353,806,354
92,Bournemouth,MID,Romain,Faivre,Faivre,,2023-07-13,1998-07-14,0,0,0,0,0,0,0,0,0,0,0,0,0,0,0,0,0,0,0,0.00,0.00,0.00,0.00,0.0,716,281,0.0,0.0,0.0,0.0,0.0,0.0,0.0,0.0,0.0,0.0,0.0,0.0,0.0,710,276,706,278,689,272,712,278
93,Bournemouth,MID,Hamed,Traorè,H.Traorè,,2023-07-01,2000-02-16,4,0,12,16,0,0,1,0,2,0,0,0,0,0,0,1,2,1,4,0.00,0.00,0.00,0.40,4.0,56,26,0.0,11.25,0.0,0.0,22.5,0.0,0.0,0.0,2.25,21.2,10.0,0.0,3.1,463,204,442,215,685,269,479,215
94,Bournemouth,MID,Dominic,Sadi,Sadi,,2022-08-22,2003-09-02,0,0,0,0,0,0,0,0,0,0,0,0,0,0,0,0,0,0,0,0.00,0.00,0.00,0.00,0.0,738,302,0.0,0.0,0.0,0.0,0.0,0.0,0.0,0.0,0.0,0.0,0.0,0.0,0.0,733,298,728,299,711,293,734,299
95,Bournemouth,MID,Zain,Silcott-Duberry,Silcott-Duberry,,2025-01-17,2005-07-09,0,0,0,0,0,0,0,0,0,0,0,0,0,0,0,0,0,0,0,0.00,0.00,0.00,0.00,0.0,693,269,0.0,0.0,0.0,0.0,0.0,0.0,0.0,0.0,0.0,0.0,0.0,0.0,0.0,685,262,681,265,661,257,687,264
96,Bournemouth,MID,Ben,Winterburn,Winterburn,,2024-11-29,2004-09-04,1,0,3,6,0,0,0,0,2,0,0,0,0,0,0,0,0,0,0,0.00,0.00,0.00,0.31,1.0,500,225,0.0,30.0,0.0,0.0,0.0,0.0,0.0,0.0,4.65,0.0,0.0,0.0,0.0,764,323,757,322,744,319,764,323
97,Bournemouth,FWD,Francisco Evanilson,de Lima Barbosa,Evanilson,Evanilson,2024-08-16,1999-10-06,115,6,412,2741,32,6,7,11,40,0,0,0,2,0,0,42,80,13,135,10.64,1.48,12.12,39.02,3.2,174,18,0.0,1.31,1.05,0.36,4.43,0.35,0.05,0.4,1.28,350.6,397.9,809.0,155.5,208,19,91,4,15,8,54,11
98,Bournemouth,FWD,Enes,Ünal,Enes Ünal,,2024-07-01,1997-05-10,27,1,83,214,0,1,0,0,3,0,0,0,1,0,0,15,7,1,23,2.00,0.07,2.07,6.16,1.2,455,53,0.0,1.26,0.0,0.0,9.67,0.84,0.03,0.87,2.59,70.2,25.0,104.0,19.1,414,47,403,53,281,51,398,50
99,Bournemouth,FWD,Daniel,Adu-Adjei,Adu-Adjei,,2022-12-19,2005-06-21,0,0,0,0,0,0,0,0,0,0,0,0,0,0,0,0,0,0,0,0.00,0.00,0.00,0.00,0.0,702,78,0.0,0.0,0.0,0.0,0.0,0.0,0.0,0.0,0.0,0.0,0.0,0.0,0.0,696,77,691,76,672,75,698,77
100,Bournemouth,FWD,Junior,Kroupi,Kroupi.Jr,,2025-02-02,2006-06-23,113,13,480,1663,21,13,0,10,21,0,0,0,5,0,0,42,61,9,112,8.31,1.51,9.82,25.91,3.4,127,12,0.0,1.14,1.14,0.54,6.06,0.45,0.08,0.53,1.4,532.2,306.9,563.0,139.9,116,11,142,13,43,18,69,15
391,Bournemouth,MID,Ben,Gannon-Doak,Gannon-Doak,,2025-08-18,2005-11-11,11,0,33,105,0,0,1,0,1,0,0,0,0,0,0,1,6,6,13,0.26,0.13,0.39,4.74,1.4,434,189,0.0,0.86,0.0,0.0,11.14,0.22,0.11,0.33,4.06,32.4,17.8,39.0,8.9,449,197,419,206,361,184,438,198
685,Bournemouth,DEF,Bafodé,Diakité,Diakité,,2025-08-13,2001-01-06,46,2,164,1275,15,0,0,4,27,0,0,0,1,0,0,97,48,20,117,0.02,0.19,0.21,22.47,2.6,255,96,0.0,1.91,1.06,0.28,8.26,0.0,0.01,0.01,1.59,267.0,54.3,22.0,34.4,267,106,362,129,396,140,354,117
687,Bournemouth,MID,Remy,Rees-Dottin,Rees-Dottin,,2024-12-28,2006-03-06,0,0,0,0,0,0,0,0,0,0,0,0,0,0,0,0,0,0,0,0.00,0.00,0.00,0.00,0.0,678,259,0.0,0.0,0.0,0.0,0.0,0.0,0.0,0.0,0.0,0.0,0.0,0.0,0.0,668,250,664,254,641,244,670,252
697,Bournemouth,MID,Amine,Adli,Adli,,2025-08-21,2000-05-10,67,4,241,1074,10,3,2,3,17,0,0,0,2,0,0,26,61,36,123,2.60,1.62,4.22,18.22,2.2,327,139,0.0,1.42,0.84,0.25,10.31,0.22,0.14,0.36,1.53,272.6,235.9,260.0,76.1,266,112,175,113,136,75,215,102
713,Bournemouth,DEF,Álex,Jiménez Sánchez,A.Jimenez,,2025-09-01,2005-05-08,74,2,297,2315,26,1,2,6,39,0,0,0,10,0,0,80,135,68,148,1.09,1.73,2.82,41.11,2.4,290,114,0.0,1.52,1.01,0.23,5.75,0.04,0.07,0.11,1.6,406.0,269.3,184.0,85.9,180,73,161,42,205,55,185,64
721,Bournemouth,DEF,Veljko,Milosavljevic,Milosavljević,,2025-09-01,2007-06-28,19,0,63,367,4,0,0,1,6,0,0,0,0,0,0,34,13,5,39,0.15,0.19,0.34,4.42,2.7,238,93,0.0,1.47,0.98,0.25,9.56,0.04,0.05,0.09,1.08,98.4,13.9,10.0,12.2,395,149,426,157,426,159,426,155
756,Bournemouth,MID,Malcom,DaCosta,DaCosta,,2025-12-01,2008-04-17,0,0,0,0,0,0,0,0,0,0,0,0,0,0,0,0,0,0,0,0.00,0.00,0.00,0.00,0.0,781,336,0.0,0.0,0.0,0.0,0.0,0.0,0.0,0.0,0.0,0.0,0.0,0.0,0.0,781,336,774,335,762,333,781,336
782,Bournemouth,GKP,Fraser,Forster,Forster,,2026-01-02,1988-03-17,0,0,0,0,0,0,0,0,0,0,0,0,0,0,0,0,0,0,0,0.00,0.00,0.00,0.00,0.0,591,66,0.0,0.0,0.0,0.0,0.0,0.0,0.0,0.0,0.0,0.0,0.0,0.0,0.0,580,66,566,50,535,35,583,66
799,Bournemouth,MID,Charlie,Stevens,Stevens,,2025-01-18,2007-05-31,0,0,0,0,0,0,0,0,0,0,0,0,0,0,0,0,0,0,0,0.00,0.00,0.00,0.00,0.0,777,333,0.0,0.0,0.0,0.0,0.0,0.0,0.0,0.0,0.0,0.0,0.0,0.0,0.0,777,333,770,332,757,329,777,333
801,Bournemouth,MID,Alex,Tóth,Tóth.A,,2026-01-20,2005-10-23,8,0,32,135,2,0,0,0,3,0,0,0,1,0,0,8,8,1,17,0.11,0.33,0.44,4.90,0.9,528,244,0.0,2.0,1.33,0.0,11.33,0.07,0.22,0.29,3.27,18.6,60.2,18.0,9.6,466,206,355,188,411,202,435,196
806,Bournemouth,GKP,Christos,Mandas,Mandas,,2026-01-27,2001-09-17,0,0,0,0,0,0,0,0,0,0,0,0,0,0,0,0,0,0,0,0.00,0.00,0.00,0.00,0.0,603,72,0.0,0.0,0.0,0.0,0.0,0.0,0.0,0.0,0.0,0.0,0.0,0.0,0.0,592,72,583,61,552,46,595,72
807,Bournemouth,MID,Rayan Vitor,Simplício Rocha,Rayan,Rayan,2026-01-27,2006-08-03,67,3,238,1110,13,5,2,6,10,0,0,0,1,0,0,28,43,11,82,2.67,1.84,4.51,19.14,4.5,30,14,0.0,0.81,1.05,0.49,6.65,0.22,0.15,0.37,1.55,277.6,211.9,263.0,75.3,260,110,193,127,134,74,217,104
27,Brentford,MID,Reiss,Nelson,Nelson,,2025-09-01,1999-12-10,13,0,39,118,0,0,1,0,2,0,0,0,0,0,0,3,16,4,23,0.71,0.11,0.82,3.02,1.3,447,197,0.0,1.53,0.0,0.0,17.54,0.54,0.08,0.62,2.3,42.6,32.6,29.0,10.0,437,191,393,198,382,192,433,194
83,Brentford,MID,Dango,Ouattara,O.Dango,,2025-08-16,2002-02-11,136,16,429,2271,25,7,8,6,35,0,0,0,5,0,0,76,85,24,185,7.94,4.12,12.06,34.75,4.2,47,21,0.0,1.39,0.99,0.24,7.33,0.31,0.16,0.47,1.38,509.8,422.8,702.0,162.8,129,43,77,56,26,11,47,33
101,Brentford,GKP,Caoimhín,Kelleher,Kelleher,,2025-06-03,1998-11-23,143,11,570,3330,37,0,0,10,49,0,3,0,1,0,109,48,301,1,0,0.00,0.22,0.22,53.48,3.9,71,6,2.95,1.32,1.0,0.27,0.0,0.0,0.01,0.01,1.45,913.8,23.0,0.0,93.8,12,3,409,5,775,87,166,3
102,Brentford,GKP,Ellery,Balcombe,Balcombe,,2016-11-02,1999-10-15,0,0,0,0,0,0,0,0,0,0,0,0,0,0,0,0,0,0,0,0.00,0.00,0.00,0.00,0.0,569,54,0.0,0.0,0.0,0.0,0.0,0.0,0.0,0.0,0.0,0.0,0.0,0.0,0.0,558,54,543,37,512,22,561,54
103,Brentford,GKP,Matthew,Cox,Cox,,2021-10-26,2003-05-02,0,0,0,0,0,0,0,0,0,0,0,0,0,0,0,0,0,0,0,0.00,0.00,0.00,0.00,0.0,579,60,0.0,0.0,0.0,0.0,0.0,0.0,0.0,0.0,0.0,0.0,0.0,0.0,0.0,568,60,554,44,523,29,571,60
104,Brentford,GKP,Julian,Eyestone,Eyestone,,2024-08-08,2006-04-21,0,0,0,0,0,0,0,0,0,0,0,0,0,0,0,0,0,0,0,0.00,0.00,0.00,0.00,0.0,582,61,0.0,0.0,0.0,0.0,0.0,0.0,0.0,0.0,0.0,0.0,0.0,0.0,0.0,571,61,557,45,526,30,574,61
105,Brentford,GKP,Hákon Rafn,Valdimarsson,Valdimarsson,,2024-01-26,2001-10-13,1,0,1,90,1,0,0,0,3,0,0,0,0,0,1,0,7,0,0,0.00,0.00,0.00,0.97,1.0,465,39,1.0,3.0,1.0,0.0,0.0,0.0,0.0,0.0,0.97,13.0,0.0,0.0,1.3,473,39,521,23,489,8,501,39
106,Brentford,DEF,Nathan,Collins,Collins,,2023-07-04,2001-04-30,129,7,450,2971,32,1,2,9,44,1,0,0,7,0,0,287,139,32,319,2.24,1.71,3.95,47.52,3.7,92,34,0.0,1.33,0.97,0.27,9.66,0.07,0.05,0.12,1.44,848.6,143.8,325.0,131.9,22,8,256,66,100,12,83,18
107,Brentford,DEF,Keane,Lewis-Potter,Lewis-Potter,,2022-07-12,2001-02-22,115,5,356,1960,22,3,4,9,32,0,0,0,1,0,0,51,96,23,74,3.01,2.51,5.52,33.74,3.2,165,61,0.0,1.47,1.01,0.41,3.4,0.14,0.12,0.26,1.55,378.2,332.2,353.0,106.4,194,80,123,33,88,9,131,39
108,Brentford,DEF,Kristoffer,Ajer,Ajer,,2021-07-21,1998-04-17,76,1,211,1805,20,0,2,5,32,0,0,0,4,0,0,155,59,37,192,0.69,0.73,1.42,31.51,2.8,217,85,0.0,1.6,1.0,0.25,9.57,0.03,0.04,0.07,1.57,401.4,59.1,165.0,62.7,182,74,357,125,221,57,258,86
109,Brentford,DEF,Rico,Henry,Henry,,2016-08-31,1997-07-08,52,0,144,1322,14,0,2,4,22,0,0,0,2,0,0,53,72,15,68,0.18,0.54,0.72,23.91,2.1,334,126,0.0,1.5,0.95,0.27,4.63,0.01,0.04,0.05,1.63,151.6,82.0,35.0,26.9,347,131,324,108,370,125,380,131
110,Brentford,DEF,Michael,Kayode,Kayode,,2025-07-01,2004-07-10,113,9,494,3258,37,1,2,10,49,1,0,0,8,0,0,151,163,68,219,1.28,2.89,4.17,52.65,3.1,179,69,0.0,1.35,1.02,0.28,6.05,0.04,0.08,0.12,1.45,613.8,470.2,130.0,121.7,77,33,66,12,252,66,95,23
111,Brentford,DEF,Ethan,Pinnock,Pinnock,,2019-07-02,1993-05-29,14,2,53,318,4,0,0,1,5,1,0,0,1,0,0,37,11,5,42,0.01,0.06,0.07,3.70,3.5,111,40,0.0,1.42,1.13,0.28,11.89,0.0,0.02,0.02,1.05,88.6,1.2,33.0,12.3,400,151,488,175,374,127,424,153
112,Brentford,DEF,Mads,Roerslev Rasmussen,Roerslev,,2019-10-27,1999-06-24,0,0,0,0,0,0,0,0,0,0,0,0,0,0,0,0,0,0,0,0.00,0.00,0.00,0.00,0.0,712,262,0.0,0.0,0.0,0.0,0.0,0.0,0.0,0.0,0.0,0.0,0.0,0.0,0.0,706,262,701,262,683,262,708,262
113,Brentford,DEF,Sepp,van den Berg,Van den Berg,,2024-08-22,2001-12-20,113,3,435,2761,30,0,3,8,41,0,0,0,2,0,0,249,109,23,272,3.36,1.45,4.81,41.59,3.5,112,41,0.0,1.34,0.98,0.26,8.87,0.11,0.05,0.16,1.36,659.0,98.0,305.0,106.3,63,28,300,95,112,16,132,40
114,Brentford,DEF,Benjamin,Arthur,Arthur,,2024-03-08,2005-10-09,0,0,0,0,0,0,0,0,0,0,0,0,0,0,0,0,0,0,0,0.00,0.00,0.00,0.00,0.0,559,201,0.0,0.0,0.0,0.0,0.0,0.0,0.0,0.0,0.0,0.0,0.0,0.0,0.0,548,201,530,200,499,196,551,201
115,Brentford,DEF,Benjamin,Fredrick,Fredrick,,,,0,0,0,0,0,0,0,0,0,0,0,0,0,0,0,0,0,0,0,0.00,0.00,0.00,0.00,0.0,645,243,0.0,0.0,0.0,0.0,0.0,0.0,0.0,0.0,0.0,0.0,0.0,0.0,0.0,635,244,627,243,597,240,638,244
116,Brentford,DEF,Aaron,Hickey,Hickey,,2022-07-09,2002-06-10,37,0,105,679,8,0,0,2,9,0,0,0,1,0,0,36,35,15,51,0.44,0.17,0.61,9.03,1.8,375,138,0.0,1.19,1.06,0.27,6.76,0.06,0.02,0.08,1.2,101.4,17.1,43.0,16.0,393,147,421,154,355,117,412,148
117,Brentford,DEF,Kim,Ji-soo,Ji-soo,,2023-07-20,2004-12-24,0,0,0,0,0,0,0,0,0,0,0,0,0,0,0,0,0,0,0,0.00,0.00,0.00,0.00,0.0,587,209,0.0,0.0,0.0,0.0,0.0,0.0,0.0,0.0,0.0,0.0,0.0,0.0,0.0,576,209,562,208,531,204,579,209
118,Brentford,DEF,Jayden,Meghoma,Meghoma,,2024-08-30,2006-06-28,0,0,0,0,0,0,0,0,0,0,0,0,0,0,0,0,0,0,0,0.00,0.00,0.00,0.00,0.0,620,225,0.0,0.0,0.0,0.0,0.0,0.0,0.0,0.0,0.0,0.0,0.0,0.0,0.0,610,226,601,225,570,221,613,226
120,Brentford,MID,Kevin,Schade,Schade,,2023-07-01,2001-11-27,125,5,385,2744,32,8,5,11,34,0,0,1,6,1,0,54,94,42,190,12.08,2.05,14.13,40.05,3.6,107,48,0.0,1.12,1.05,0.36,6.23,0.4,0.07,0.47,1.31,536.8,380.1,821.0,172.8,112,34,104,74,12,7,37,28
121,Brentford,MID,Mikkel,Damsgaard,Damsgaard,,2022-08-10,2000-07-03,113,9,467,2046,24,4,4,5,32,0,0,0,0,0,0,45,139,57,241,2.61,5.43,8.04,31.55,3.4,139,60,0.0,1.41,1.06,0.22,10.6,0.11,0.24,0.35,1.39,530.6,691.3,326.0,155.0,119,36,29,27,99,59,55,36
122,Brentford,MID,Antoni,Milambo,Milambo,,2025-07-03,2005-04-03,1,0,5,45,1,0,0,0,3,0,0,0,0,0,0,0,2,2,4,0.00,0.01,0.01,1.49,1.0,517,239,0.0,6.0,2.0,0.0,8.0,0.0,0.02,0.02,2.98,4.0,1.8,0.0,0.6,500,226,482,232,816,363,511,232
123,Brentford,MID,Fábio,Freitas Gouveia Carvalho,Carvalho,Fábio Carvalho,2024-08-12,2002-08-30,13,1,42,100,1,1,0,0,4,0,0,0,0,0,0,0,5,3,8,0.70,0.03,0.73,2.08,2.2,318,132,0.0,3.6,0.9,0.0,7.2,0.63,0.03,0.66,1.87,39.0,6.5,36.0,8.1,441,193,455,218,368,188,445,200
124,Brentford,MID,Jordan,Henderson,Henderson,,2025-07-15,1990-06-17,76,5,343,1911,22,1,3,6,28,0,0,0,6,0,0,58,98,27,183,0.33,2.31,2.64,28.16,2.4,296,123,0.0,1.32,1.04,0.28,8.62,0.02,0.11,0.13,1.33,336.6,358.3,49.0,74.4,220,90,110,77,347,179,220,107
125,Brentford,MID,Vitaly,Janelt,Janelt,,2020-10-03,1998-05-10,74,6,334,1434,15,1,4,5,21,0,0,0,8,0,0,71,85,27,183,0.82,2.27,3.09,26.62,3.0,196,75,0.0,1.32,0.94,0.31,11.49,0.05,0.14,0.19,1.67,350.4,351.8,97.0,79.0,209,82,114,80,290,154,208,98
126,Brentford,MID,Mathias,Jensen,Jensen,,2019-07-10,1996-01-01,98,1,465,2239,26,3,2,9,33,0,0,0,3,0,0,62,118,40,220,2.21,6.06,8.27,35.72,2.7,242,95,0.0,1.33,1.05,0.36,8.84,0.09,0.24,0.33,1.44,435.6,632.7,201.0,126.9,162,59,33,30,185,99,88,54
127,Brentford,MID,Gustavo,Nunes Fernandes Gomes,Nunes,,2024-08-28,2005-11-20,0,0,0,0,0,0,0,0,0,0,0,0,0,0,0,0,0,0,0,0.00,0.00,0.00,0.00,0.0,802,351,0.0,0.0,0.0,0.0,0.0,0.0,0.0,0.0,0.0,0.0,0.0,0.0,0.0,802,351,798,351,795,350,802,351
128,Brentford,MID,Frank,Onyeka,Onyeka,,2021-07-20,1998-01-01,12,0,41,88,0,0,2,0,2,0,0,0,0,0,0,3,5,2,10,0.00,0.36,0.36,2.02,2.0,351,150,0.0,2.05,0.0,0.0,10.23,0.0,0.37,0.37,2.07,28.4,13.6,4.0,4.6,454,202,427,209,448,219,468,208
129,Brentford,MID,Yehor,Yarmoliuk,Yarmoliuk,,2022-10-28,2004-03-01,104,1,448,2652,30,1,3,8,42,0,0,0,7,0,0,83,186,69,338,1.22,1.39,2.61,40.31,2.8,225,87,0.0,1.43,1.02,0.27,11.47,0.04,0.05,0.09,1.37,445.0,273.0,117.0,83.4,154,54,158,104,268,145,195,93
130,Brentford,MID,Romelle,Donovan,Donovan,,2025-07-01,2006-11-30,4,0,19,38,0,0,0,0,0,0,0,0,0,0,0,0,5,0,5,0.09,0.01,0.10,0.39,1.0,489,217,0.0,0.0,0.0,0.0,11.84,0.21,0.02,0.23,0.92,8.4,11.5,21.0,4.2,484,216,433,213,401,200,470,209
131,Brentford,MID,Yunus Emre,Konak,Konak,,2024-01-11,2006-01-10,0,0,0,0,0,0,0,0,0,0,0,0,0,0,0,0,0,0,0,0.00,0.00,0.00,0.00,0.0,681,262,0.0,0.0,0.0,0.0,0.0,0.0,0.0,0.0,0.0,0.0,0.0,0.0,0.0,671,253,667,257,644,247,673,255
132,Brentford,MID,Paris,Maghoma,Maghoma,,2020-08-01,2001-05-08,0,0,0,0,0,0,0,0,0,0,0,0,0,0,0,0,0,0,0,0.00,0.00,0.00,0.00,0.0,711,277,0.0,0.0,0.0,0.0,0.0,0.0,0.0,0.0,0.0,0.0,0.0,0.0,0.0,705,272,700,274,681,267,707,274
133,Brentford,MID,Myles,Peart-Harris,Peart-Harris,,2021-07-23,2002-09-18,1,0,2,1,0,0,0,0,0,0,0,0,0,0,0,0,0,0,0,0.00,0.00,0.00,0.00,1.0,484,212,0.0,0.0,0.0,0.0,0.0,0.0,0.0,0.0,0.0,0.0,0.0,0.0,0.0,679,256,675,259,654,250,681,258
134,Brentford,MID,Ryan,Trevitt,Trevitt,,2024-01-08,2003-03-12,0,0,0,0,0,0,0,0,0,0,0,0,0,0,0,0,0,0,0,0.00,0.00,0.00,0.00,0.0,759,319,0.0,0.0,0.0,0.0,0.0,0.0,0.0,0.0,0.0,0.0,0.0,0.0,0.0,757,318,750,317,737,314,757,318
136,Brentford,FWD,Igor Thiago,Nascimento Rodrigues,Thiago,Igor Thiago,2024-07-01,2001-06-26,181,22,710,3282,37,22,1,10,50,0,0,1,7,0,0,84,93,37,214,20.60,1.83,22.43,53.17,4.8,17,4,0.0,1.37,1.01,0.27,5.87,0.56,0.05,0.61,1.46,1019.4,382.5,1170.0,256.9,5,2,103,5,3,3,6,2
137,Brentford,FWD,Iwan,Morgan,Morgan,,,,0,0,0,0,0,0,0,0,0,0,0,0,0,0,0,0,0,0,0,0.00,0.00,0.00,0.00,0.0,694,73,0.0,0.0,0.0,0.0,0.0,0.0,0.0,0.0,0.0,0.0,0.0,0.0,0.0,687,72,682,71,663,70,689,72
748,Brentford,MID,Josh,Dasilva,Dasilva,,2025-10-23,1998-10-23,2,0,5,2,0,0,0,0,0,0,0,0,0,0,0,0,1,0,1,0.08,0.00,0.08,0.05,1.0,507,231,0.0,0.0,0.0,0.0,45.0,3.6,0.0,3.6,2.25,0.4,11.3,4.0,1.6,524,238,434,214,449,220,496,225
797,Brentford,FWD,Kaye,Furo,Furo,,2026-01-11,2007-02-06,1,0,2,1,0,0,0,0,0,0,0,0,0,0,0,0,0,0,0,0.00,0.00,0.00,0.02,1.0,499,60,0.0,0.0,0.0,0.0,0.0,0.0,0.0,0.0,1.8,0.0,0.0,0.0,0.0,759,81,752,80,739,80,759,81
810,Brentford,MID,Luka,Bentt,Bentt,,2026-01-31,2007-10-01,0,0,0,0,0,0,0,0,0,0,0,0,0,0,0,0,0,0,0,0.00,0.00,0.00,0.00,0.0,740,303,0.0,0.0,0.0,0.0,0.0,0.0,0.0,0.0,0.0,0.0,0.0,0.0,0.0,737,301,731,301,715,296,738,302
819,Brentford,DEF,Ollie,Shield,Shield,,2026-02-15,2006-09-25,0,0,0,0,0,0,0,0,0,0,0,0,0,0,0,0,0,0,0,0.00,0.00,0.00,0.00,0.0,618,224,0.0,0.0,0.0,0.0,0.0,0.0,0.0,0.0,0.0,0.0,0.0,0.0,0.0,607,224,598,223,567,219,610,224
823,Brentford,DEF,Joshua,Stephenson,Stephenson,,2025-08-01,2007-09-04,0,0,0,0,0,0,0,0,0,0,0,0,0,0,0,0,0,0,0,0.00,0.00,0.00,0.00,0.0,653,250,0.0,0.0,0.0,0.0,0.0,0.0,0.0,0.0,0.0,0.0,0.0,0.0,0.0,643,251,635,250,606,248,646,251
824,Brentford,DEF,Conor,McManus,McManus,,2024-07-19,2004-06-16,0,0,0,0,0,0,0,0,0,0,0,0,0,0,0,0,0,0,0,0.00,0.00,0.00,0.00,0.0,638,237,0.0,0.0,0.0,0.0,0.0,0.0,0.0,0.0,0.0,0.0,0.0,0.0,0.0,628,238,620,237,590,234,631,238
826,Brentford,MID,Riley,Owen,Owen,,2024-07-19,2005-08-24,0,0,0,0,0,0,0,0,0,0,0,0,0,0,0,0,0,0,0,0.00,0.00,0.00,0.00,0.0,736,300,0.0,0.0,0.0,0.0,0.0,0.0,0.0,0.0,0.0,0.0,0.0,0.0,0.0,731,296,726,297,709,291,732,297
138,Brighton,GKP,Jason,Steele,Steele,,2018-07-01,1990-08-18,0,0,0,0,0,0,0,0,0,0,0,0,0,0,0,0,0,0,0,0.00,0.00,0.00,0.00,0.0,658,91,0.0,0.0,0.0,0.0,0.0,0.0,0.0,0.0,0.0,0.0,0.0,0.0,0.0,648,91,641,82,612,67,651,91
139,Brighton,GKP,Bart,Verbruggen,Verbruggen,,2023-07-03,2002-08-18,130,6,616,3420,38,0,0,10,46,1,1,0,3,0,106,32,332,1,0,0.00,0.06,0.06,49.06,3.4,126,16,2.79,1.21,1.0,0.26,0.0,0.0,0.0,0.0,1.29,935.0,10.0,0.0,94.7,9,2,444,14,768,83,164,2
140,Brighton,GKP,Tom,McGill,McGill,,2021-02-02,2000-03-25,0,0,0,0,0,0,0,0,0,0,0,0,0,0,0,0,0,0,0,0.00,0.00,0.00,0.00,0.0,567,52,0.0,0.0,0.0,0.0,0.0,0.0,0.0,0.0,0.0,0.0,0.0,0.0,0.0,556,52,541,35,510,20,559,52
141,Brighton,GKP,Carl,Rushworth,Rushworth,,2023-07-01,2001-07-02,0,0,0,0,0,0,0,0,0,0,0,0,0,0,0,0,0,0,0,0.00,0.00,0.00,0.00,0.0,611,77,0.0,0.0,0.0,0.0,0.0,0.0,0.0,0.0,0.0,0.0,0.0,0.0,0.0,600,77,591,66,560,51,603,77
142,Brighton,GKP,Kjell,Scherpen,Scherpen,,2021-07-16,2000-01-23,0,0,0,0,0,0,0,0,0,0,0,0,0,0,0,0,0,0,0,0.00,0.00,0.00,0.00,0.0,601,70,0.0,0.0,0.0,0.0,0.0,0.0,0.0,0.0,0.0,0.0,0.0,0.0,0.0,590,70,581,59,550,44,593,70
143,Brighton,DEF,Olivier,Boscagli,Boscagli,,2025-07-02,1997-11-18,39,4,171,799,9,0,1,3,10,0,0,0,2,0,0,62,54,16,78,0.05,0.47,0.52,10.87,3.2,159,57,0.0,1.13,1.01,0.34,8.79,0.01,0.05,0.06,1.22,215.6,82.2,12.0,31.1,299,119,322,106,421,157,366,126
144,Brighton,DEF,Diego,Coppola,Coppola,,2025-06-17,2003-12-28,10,0,32,193,2,0,0,1,3,0,0,0,2,0,0,16,6,2,18,0.00,0.01,0.01,4.52,2.0,344,127,0.0,1.4,0.93,0.47,8.39,0.0,0.0,0.0,2.11,42.4,3.7,2.0,4.8,438,161,468,168,457,172,466,167
145,Brighton,DEF,Maxim,De Cuyper,De Cuyper,,2025-07-05,2000-12-22,84,9,318,1404,17,2,3,5,23,0,0,0,2,0,0,42,68,22,64,1.66,4.08,5.74,24.09,2.8,216,84,0.0,1.47,1.09,0.32,4.1,0.11,0.26,0.37,1.54,327.8,516.6,154.0,99.9,227,90,55,7,232,60,149,46
146,Brighton,DEF,Lewis,Dunk,Dunk,,2009-07-01,1991-11-21,100,5,443,2837,31,1,1,7,40,0,0,0,10,0,0,196,135,35,231,1.83,0.56,2.39,41.90,3.0,192,76,0.0,1.27,0.98,0.22,7.33,0.06,0.02,0.08,1.33,649.6,125.5,210.0,98.7,68,30,277,79,171,40,153,50
147,Brighton,DEF,Pervis,Estupiñán Tenorio,Estupiñan,,2022-07-16,1998-01-21,0,0,0,0,0,0,0,0,0,0,0,0,0,0,0,0,0,0,0,0.00,0.00,0.00,0.00,0.0,709,260,0.0,0.0,0.0,0.0,0.0,0.0,0.0,0.0,0.0,0.0,0.0,0.0,0.0,703,260,698,260,679,259,705,260
148,Brighton,DEF,Ferdi,Kadıoğlu,F.Kadıoğlu,,2024-08-27,1999-10-07,118,7,514,3130,34,1,2,10,41,0,0,0,6,0,0,113,130,57,170,2.06,3.31,5.37,44.61,3.2,162,60,0.0,1.18,0.98,0.29,4.89,0.06,0.1,0.16,1.28,505.0,444.8,284.0,123.7,131,57,74,17,123,21,94,22
149,Brighton,DEF,Igor Julio,dos Santos de Paulo,Igor,Igor Julio,2023-07-26,1998-02-07,6,0,10,103,1,0,0,0,3,0,0,0,0,0,0,13,3,0,13,0.00,0.00,0.00,4.66,1.5,422,154,0.0,2.62,0.87,0.0,11.36,0.0,0.0,0.0,4.07,25.8,10.6,0.0,3.6,456,166,436,159,682,261,475,170
150,Brighton,DEF,Tariq,Lamptey,Lamptey,,2020-01-31,2000-09-30,0,0,0,0,0,0,0,0,0,0,0,0,0,0,0,0,0,0,0,0.00,0.00,0.00,0.00,0.0,685,259,0.0,0.0,0.0,0.0,0.0,0.0,0.0,0.0,0.0,0.0,0.0,0.0,0.0,676,259,672,259,651,258,678,259
151,Brighton,DEF,Jan Paul,van Hecke,Van Hecke,,2020-09-10,2000-06-08,148,8,575,3210,36,3,3,10,44,1,0,0,9,0,0,264,113,53,317,3.31,1.57,4.87,46.27,4.1,49,17,0.0,1.23,1.01,0.28,8.89,0.09,0.04,0.13,1.3,980.6,240.4,295.0,152.0,7,4,172,44,117,19,57,9
152,Brighton,DEF,Joël,Veltman,Veltman,,2020-07-29,1992-01-15,46,1,176,1047,9,1,0,2,13,0,0,0,5,0,0,68,40,31,99,1.15,0.20,1.35,17.27,1.9,360,134,0.0,1.12,0.77,0.17,8.51,0.1,0.02,0.12,1.48,247.0,80.5,68.0,39.6,279,110,326,109,329,107,339,114
153,Brighton,DEF,Adam,Webster,Webster,,2019-08-03,1995-01-04,0,0,0,0,0,0,0,0,0,0,0,0,0,0,0,0,0,0,0,0.00,0.00,0.00,0.00,0.0,683,258,0.0,0.0,0.0,0.0,0.0,0.0,0.0,0.0,0.0,0.0,0.0,0.0,0.0,674,258,669,258,648,257,676,258
154,Brighton,DEF,Eiran,Cashin,Cashin,,2025-01-31,2001-11-09,0,0,0,0,0,0,0,0,0,0,0,0,0,0,0,0,0,0,0,0.00,0.00,0.00,0.00,0.0,604,218,0.0,0.0,0.0,0.0,0.0,0.0,0.0,0.0,0.0,0.0,0.0,0.0,0.0,593,218,584,217,553,213,596,218
155,Brighton,DEF,Jacob,Slater,Slater,,,,0,0,0,0,0,0,0,0,0,0,0,0,0,0,0,0,0,0,0,0.00,0.00,0.00,0.00,0.0,640,238,0.0,0.0,0.0,0.0,0.0,0.0,0.0,0.0,0.0,0.0,0.0,0.0,0.0,630,239,622,238,592,235,633,239
156,Brighton,DEF,Charlie,Tasker,Tasker,,2025-03-28,2006-02-24,0,0,0,0,0,0,0,0,0,0,0,0,0,0,0,0,0,0,0,0.00,0.00,0.00,0.00,0.0,555,198,0.0,0.0,0.0,0.0,0.0,0.0,0.0,0.0,0.0,0.0,0.0,0.0,0.0,544,198,526,197,494,192,547,198
157,Brighton,MID,Mitoma,Kaoru,Mitoma,,2021-08-09,1997-05-20,62,2,247,1714,19,3,1,5,20,0,0,0,5,0,0,27,62,18,107,4.04,2.74,6.78,23.76,2.5,283,116,0.0,1.05,1.0,0.26,5.62,0.21,0.14,0.35,1.25,288.4,422.3,416.0,112.3,253,108,78,57,72,42,118,67
158,Brighton,MID,Georginio,Rutter,Georginio,,2024-08-19,2002-04-20,87,2,290,1776,20,3,5,7,20,1,0,0,2,0,0,38,61,32,131,2.90,2.90,5.80,21.59,2.7,247,100,0.0,1.01,1.01,0.35,6.64,0.15,0.15,0.3,1.09,338.6,349.5,448.0,113.5,218,89,117,82,61,35,114,64
159,Brighton,MID,Solly,March,March,,2012-07-01,1994-07-20,4,0,18,38,0,0,0,0,1,0,0,0,0,0,0,0,3,2,5,0.04,0.02,0.06,0.58,1.0,520,242,0.0,2.37,0.0,0.0,11.84,0.09,0.05,0.14,1.37,7.4,2.2,23.0,3.2,486,217,477,228,395,198,478,214
160,Brighton,MID,Yankuba,Minteh,Minteh,,2024-07-01,2004-07-22,117,9,466,2389,26,3,8,11,33,0,0,0,3,0,0,33,96,56,185,3.81,5.06,8.87,34.09,3.4,138,59,0.0,1.24,0.98,0.41,6.97,0.14,0.19,0.33,1.28,491.8,691.4,617.0,180.3,135,46,28,26,32,16,33,26
161,Brighton,MID,Julio,Enciso Espínola,Enciso,,2022-06-17,2004-01-23,0,0,0,0,0,0,0,0,0,0,0,0,0,0,0,0,0,0,0,0.00,0.00,0.00,0.00,0.0,826,368,0.0,0.0,0.0,0.0,0.0,0.0,0.0,0.0,0.0,0.0,0.0,0.0,0.0,826,368,826,368,825,368,826,368
162,Brighton,MID,Brajan,Gruda,Gruda,,2024-08-14,2004-05-31,35,2,114,708,8,1,1,2,11,0,0,0,2,0,0,4,40,14,58,1.86,0.88,2.74,13.82,1.9,366,157,0.0,1.4,1.02,0.25,7.37,0.24,0.11,0.35,1.76,134.4,217.1,152.0,50.0,363,164,186,123,234,128,304,152
163,Brighton,MID,Jack,Hinshelwood,Hinshelwood,,2022-12-30,2005-04-11,91,2,317,1736,20,4,5,7,23,1,0,0,0,0,0,35,61,18,114,4.94,2.34,7.28,27.83,3.4,133,56,0.0,1.19,1.04,0.36,5.91,0.26,0.12,0.38,1.44,312.6,228.0,412.0,94.8,236,99,181,118,73,43,163,84
164,Brighton,MID,Matt,O'Riley,O'Riley,,2024-08-26,2000-11-21,16,2,48,202,2,1,0,1,3,0,0,0,0,0,0,3,2,5,10,1.21,0.18,1.39,2.53,2.7,246,99,0.0,1.34,0.89,0.45,4.46,0.54,0.08,0.62,1.13,65.4,67.7,63.0,19.6,422,181,340,182,333,173,396,182
165,Brighton,MID,Abdallah,Sima,Sima,,2021-08-30,2001-06-17,0,0,0,0,0,0,0,0,0,0,0,0,0,0,0,0,0,0,0,0.00,0.00,0.00,0.00,0.0,827,369,0.0,0.0,0.0,0.0,0.0,0.0,0.0,0.0,0.0,0.0,0.0,0.0,0.0,827,369,827,369,826,369,827,369
166,Brighton,MID,Yasin,Ayari,Ayari,,2023-01-30,2003-10-06,98,7,406,1921,20,3,4,6,24,0,0,0,1,0,0,54,124,47,225,2.70,1.15,3.85,26.85,3.4,128,53,0.0,1.12,0.94,0.28,10.54,0.13,0.05,0.18,1.26,359.8,251.3,231.0,84.5,206,80,166,109,156,85,191,92
167,Brighton,MID,Carlos,Baleba,Baleba,,2023-08-29,2004-01-03,56,0,231,1646,23,0,0,7,19,0,0,0,5,0,0,67,105,37,209,0.78,0.72,1.50,20.40,1.8,380,162,0.0,1.04,1.26,0.38,11.43,0.04,0.04,0.08,1.12,166.8,156.3,44.0,36.8,333,148,244,155,352,182,346,165
169,Brighton,MID,Diego,Gómez Amarilla,Gomez,,2025-01-01,2003-03-27,97,9,361,2117,26,5,1,8,29,0,0,0,9,0,0,49,112,77,238,6.24,1.72,7.96,29.35,3.0,197,76,0.0,1.23,1.11,0.34,10.12,0.27,0.07,0.34,1.25,438.2,319.7,432.0,119.0,158,56,132,91,68,40,104,59
170,Brighton,MID,James,Milner,Milner,,2023-07-01,1986-01-04,35,0,158,772,7,1,1,2,17,0,0,0,2,0,0,25,40,15,80,1.03,0.66,1.69,12.82,1.8,382,163,0.0,1.98,0.82,0.23,9.33,0.12,0.08,0.2,1.49,139.0,151.4,59.0,34.7,360,162,252,159,338,176,353,170
171,Brighton,MID,Jeremy,Sarmiento Morante,Sarmiento,,2021-09-21,2002-06-16,0,0,0,0,0,0,0,0,0,0,0,0,0,0,0,0,0,0,0,0.00,0.00,0.00,0.00,0.0,798,349,0.0,0.0,0.0,0.0,0.0,0.0,0.0,0.0,0.0,0.0,0.0,0.0,0.0,798,349,794,349,791,348,798,349
172,Brighton,MID,Tom,Watson,Watson,,2025-06-01,2006-04-08,5,0,15,57,0,0,0,0,2,0,0,0,1,0,0,0,4,1,5,0.04,0.03,0.07,1.72,0.8,533,247,0.0,3.16,0.0,0.0,7.89,0.06,0.05,0.11,2.72,6.0,2.4,7.0,1.6,492,220,476,227,438,211,495,224
173,Brighton,MID,Mats,Wieffer,Wieffer,,2024-07-06,1999-11-16,94,6,398,1901,23,2,4,6,26,0,0,0,8,0,0,101,102,66,269,1.92,1.86,3.78,23.95,3.6,98,45,0.0,1.23,1.09,0.28,12.74,0.09,0.09,0.18,1.13,477.0,291.1,209.0,97.7,142,50,151,99,174,94,157,81
174,Brighton,MID,Malick,Yalcouyé,Yalcouye,,2024-07-12,2005-11-18,0,0,0,0,0,0,0,0,0,0,0,0,0,0,0,0,0,0,0,0.00,0.00,0.00,0.00,0.0,817,363,0.0,0.0,0.0,0.0,0.0,0.0,0.0,0.0,0.0,0.0,0.0,0.0,0.0,817,363,816,363,813,362,817,363
175,Brighton,MID,Joe,Knight,Knight,,2025-01-31,2005-09-21,1,0,3,1,0,0,0,0,0,0,0,0,0,0,0,0,0,0,0,0.00,0.00,0.00,0.00,1.0,487,215,0.0,0.0,0.0,0.0,0.0,0.0,0.0,0.0,0.0,0.0,0.0,0.0,0.0,692,266,687,268,668,261,694,268
176,Brighton,MID,Adrian,Mazilu,Mazilu,,,,0,0,0,0,0,0,0,0,0,0,0,0,0,0,0,0,0,0,0,0.00,0.00,0.00,0.00,0.0,737,301,0.0,0.0,0.0,0.0,0.0,0.0,0.0,0.0,0.0,0.0,0.0,0.0,0.0,732,297,727,298,710,292,733,298
177,Brighton,MID,Andrew,Moran,Moran,,2021-08-23,2003-10-15,0,0,0,0,0,0,0,0,0,0,0,0,0,0,0,0,0,0,0,0.00,0.00,0.00,0.00,0.0,728,292,0.0,0.0,0.0,0.0,0.0,0.0,0.0,0.0,0.0,0.0,0.0,0.0,0.0,723,288,718,289,701,283,724,289
178,Brighton,FWD,Danny,Welbeck,Welbeck,,2020-10-18,1990-11-26,126,18,511,2249,26,13,1,10,28,0,0,2,5,0,0,39,49,24,112,12.36,1.40,13.76,31.68,3.4,140,15,0.0,1.12,1.04,0.4,4.48,0.49,0.06,0.55,1.27,578.8,309.7,803.0,168.2,93,8,139,11,17,9,39,7
179,Brighton,FWD,Evan,Ferguson,Ferguson,,2021-08-23,2004-10-19,0,0,0,0,0,0,0,0,0,0,0,0,0,0,0,0,0,0,0,0.00,0.00,0.00,0.00,0.0,831,92,0.0,0.0,0.0,0.0,0.0,0.0,0.0,0.0,0.0,0.0,0.0,0.0,0.0,831,92,831,92,830,92,831,92
180,Brighton,FWD,Stefanos,Tzimas,Tzimas,,2025-02-03,2006-01-06,16,0,55,132,1,1,1,0,2,0,0,0,0,0,0,2,10,3,15,0.44,0.11,0.55,2.59,1.8,387,43,0.0,1.36,0.68,0.0,10.23,0.3,0.08,0.38,1.77,66.6,65.7,44.0,17.7,418,49,345,44,354,55,402,51
181,Brighton,FWD,Charalampos,Kostoulas,Kostoulas,,2025-07-01,2007-05-30,35,3,140,351,2,2,1,1,9,0,0,0,2,0,0,5,25,11,41,2.12,0.54,2.66,6.04,1.7,403,45,0.0,2.31,0.51,0.26,10.51,0.54,0.14,0.68,1.55,143.6,126.5,255.0,52.4,353,38,276,32,138,37,294,34
744,Brighton,MID,Nehemiah,Oriola,Oriola,,2025-10-17,2007-06-11,1,0,3,1,0,0,0,0,0,0,0,0,0,0,0,0,0,0,0,0.00,0.00,0.00,0.00,1.0,492,220,0.0,0.0,0.0,0.0,0.0,0.0,0.0,0.0,0.0,0.0,0.0,0.0,0.0,736,300,730,300,714,295,737,301
761,Brighton,DEF,Freddie,Simmonds,Simmonds,,2024-07-01,2008-03-09,0,0,0,0,0,0,0,0,0,0,0,0,0,0,0,0,0,0,0,0.00,0.00,0.00,0.00,0.0,644,242,0.0,0.0,0.0,0.0,0.0,0.0,0.0,0.0,0.0,0.0,0.0,0.0,0.0,634,243,626,242,596,239,637,243
783,Brighton,MID,Pascal,Groß,Groß,,2026-01-02,1991-06-15,78,10,389,1636,18,1,6,6,17,0,0,0,2,0,0,40,76,29,145,1.39,3.95,5.34,20.36,4.1,51,24,0.0,0.94,0.99,0.33,7.98,0.08,0.22,0.3,1.12,397.2,668.2,220.0,128.5,185,71,31,28,167,92,87,53
795,Brighton,MID,Harry,Howell,Howell,,2025-04-11,2008-04-20,4,0,11,92,1,0,0,0,2,0,0,0,0,0,0,3,3,1,7,0.00,0.03,0.03,1.04,1.3,444,194,0.0,1.96,0.98,0.0,6.85,0.0,0.03,0.03,1.02,10.2,5.1,2.0,1.8,480,212,462,222,465,229,490,220
220,Chelsea,GKP,Robert,Lynch Sánchez,Sánchez,,2023-08-05,1997-11-18,113,7,509,3040,35,0,1,9,49,0,0,0,3,1,98,27,302,2,0,0.00,0.04,0.04,48.64,3.2,164,21,2.9,1.45,1.04,0.27,0.0,0.0,0.0,0.0,1.44,822.2,50.0,0.0,86.7,29,8,367,1,777,88,180,6
221,Chelsea,GKP,Filip,Jörgensen,Jörgensen,,2024-07-30,2002-04-16,9,0,50,378,3,0,0,0,5,0,0,0,0,0,8,3,34,0,0,0.00,0.00,0.00,4.12,1.8,378,36,1.9,1.19,0.71,0.0,0.0,0.0,0.0,0.0,0.98,79.8,0.0,0.0,7.9,407,31,656,86,634,75,448,32
222,Chelsea,GKP,Mike,Penders,Penders,,2024-08-27,2005-07-31,0,0,0,0,0,0,0,0,0,0,0,0,0,0,0,0,0,0,0,0.00,0.00,0.00,0.00,0.0,629,86,0.0,0.0,0.0,0.0,0.0,0.0,0.0,0.0,0.0,0.0,0.0,0.0,0.0,619,86,611,76,581,61,622,86
223,Chelsea,GKP,Gabriel,Słonina,Slonina,,2022-08-02,2004-05-15,0,0,0,0,0,0,0,0,0,0,0,0,0,0,0,0,0,0,0,0.00,0.00,0.00,0.00,0.0,548,43,0.0,0.0,0.0,0.0,0.0,0.0,0.0,0.0,0.0,0.0,0.0,0.0,0.0,537,43,518,22,486,7,540,43
224,Chelsea,DEF,Marc,Cucurella Saseta,Cucurella,,2022-08-05,1998-07-22,104,5,468,2706,31,1,4,9,39,0,0,0,8,1,0,127,113,55,182,2.34,3.23,5.57,41.45,3.1,186,72,0.0,1.3,1.03,0.3,6.05,0.08,0.11,0.19,1.38,562.8,577.8,309.0,145.1,98,43,41,3,111,15,63,10
225,Chelsea,DEF,Reece,James,James,,2019-05-15,1999-12-08,115,11,493,1957,20,2,6,8,20,0,0,0,4,0,0,80,101,48,128,1.04,3.20,4.24,28.75,4.0,63,23,0.0,0.92,0.92,0.37,5.89,0.05,0.15,0.2,1.32,459.0,483.7,116.0,106.1,149,62,62,10,270,75,134,42
226,Chelsea,DEF,Trevoh,Chalobah,Chalobah,,2018-02-16,1999-07-05,136,7,516,2780,31,3,1,9,40,0,0,0,3,1,0,230,119,35,265,1.44,1.03,2.47,40.83,4.0,60,22,0.0,1.29,1.0,0.29,8.58,0.05,0.03,0.08,1.32,719.2,111.2,160.0,99.1,48,20,289,89,227,58,152,49
227,Chelsea,DEF,Levi,Samuels Colwill,Colwill,,2022-07-01,2003-02-26,8,0,30,225,2,0,0,0,4,0,0,0,0,0,0,22,9,3,25,0.00,0.12,0.12,3.36,2.7,240,94,0.0,1.6,0.8,0.0,10.0,0.0,0.05,0.05,1.34,66.0,7.6,6.0,8.0,419,156,452,163,439,167,446,160
228,Chelsea,DEF,Malo,Gusto,Gusto,,2023-01-28,2003-05-19,96,7,406,2255,26,2,3,7,36,1,0,0,3,1,0,74,123,52,126,1.56,2.97,4.53,37.13,2.8,221,89,0.0,1.44,1.04,0.28,5.03,0.06,0.12,0.18,1.48,443.6,448.5,205.0,109.8,155,64,73,16,179,43,121,34
229,Chelsea,DEF,Benoît,Badiashile Mukinayi,B.Badiashile,,2023-01-05,2001-03-26,7,0,48,470,6,0,0,0,10,0,0,0,2,0,0,41,16,7,48,0.00,0.06,0.06,7.41,0.9,524,176,0.0,1.91,1.15,0.0,9.19,0.0,0.01,0.01,1.42,102.8,7.9,2.0,11.4,388,144,451,162,462,173,430,156
230,Chelsea,DEF,Wesley,Fofana,Fofana,,2022-08-31,2000-12-17,65,3,288,1718,20,0,2,4,25,0,0,0,5,2,0,187,81,19,206,0.72,0.60,1.32,25.81,2.6,259,100,0.0,1.31,1.05,0.21,10.79,0.04,0.03,0.07,1.35,463.6,65.6,74.0,60.4,147,61,346,119,318,101,267,88
231,Chelsea,DEF,Mamadou,Sarr,M.Sarr,Mamadou Sarr,2025-06-09,2005-08-29,3,0,4,100,1,0,0,0,3,0,0,0,0,0,0,7,2,1,8,0.35,0.00,0.35,1.63,1.0,495,175,0.0,2.7,0.9,0.0,7.2,0.32,0.0,0.32,1.47,6.4,0.1,7.0,1.3,491,177,503,179,437,166,503,176
232,Chelsea,DEF,Tosin,Adarabioyo,Tosin,,2024-07-01,1997-09-24,34,2,130,788,8,0,0,2,14,0,0,0,2,0,0,80,22,17,97,0.11,0.40,0.50,13.25,2.1,332,125,0.0,1.6,0.91,0.23,11.08,0.01,0.05,0.06,1.51,240.4,33.3,19.0,29.3,281,111,392,141,408,148,371,127
233,Chelsea,DEF,Josh,Acheampong,Acheampong,,2024-03-10,2006-05-05,39,5,118,657,8,1,0,2,13,0,0,0,1,0,0,33,26,11,44,0.62,0.13,0.75,15.66,2.3,301,115,0.0,1.78,1.1,0.27,6.03,0.08,0.02,0.1,2.15,132.6,40.9,70.0,24.4,366,136,382,137,324,105,384,133
234,Chelsea,DEF,Aarón,Anselmino,Anselmino,,2024-08-08,2005-04-29,0,0,0,0,0,0,0,0,0,0,0,0,0,0,0,0,0,0,0,0.00,0.00,0.00,0.00,0.0,648,246,0.0,0.0,0.0,0.0,0.0,0.0,0.0,0.0,0.0,0.0,0.0,0.0,0.0,638,247,630,246,600,243,641,247
235,Chelsea,MID,Cole,Palmer,Palmer,,2023-09-01,2002-05-06,114,11,430,1954,24,10,2,3,33,0,0,1,5,0,0,27,83,25,135,10.55,2.49,13.04,31.13,4.4,40,18,0.0,1.52,1.11,0.14,6.22,0.49,0.11,0.6,1.43,536.6,393.6,547.0,147.7,114,35,97,68,46,25,59,37
236,Chelsea,MID,Pedro,Lomba Neto,Neto,Pedro Neto,2024-08-11,2000-03-09,125,9,543,2629,30,5,7,11,33,0,0,0,2,1,0,19,84,19,122,4.59,6.84,11.43,37.54,3.7,95,44,0.0,1.13,1.03,0.38,4.18,0.16,0.23,0.39,1.29,523.0,836.2,505.0,186.7,125,40,14,13,53,30,32,25
237,Chelsea,MID,Enzo,Fernández,Enzo,,2023-01-31,2001-01-17,157,19,700,3114,35,10,5,8,46,0,0,0,10,0,0,51,140,53,244,11.26,7.26,18.52,44.89,4.4,38,16,0.0,1.33,1.01,0.23,7.05,0.33,0.21,0.54,1.3,835.6,1063.2,747.0,264.6,25,8,3,3,22,10,3,2
238,Chelsea,MID,Estêvão,Almeida de Oliveira Gonçalves,Estêvão,Estêvão,2025-07-14,2007-04-24,58,4,172,839,12,2,5,4,11,0,0,0,4,0,0,9,36,11,56,2.91,2.14,5.05,10.29,2.6,268,110,0.0,1.18,1.29,0.43,6.01,0.31,0.23,0.54,1.1,183.4,230.9,314.0,72.6,322,142,180,117,106,64,228,111
239,Chelsea,MID,Jamie,Bynoe-Gittens,Gittens,,2025-07-05,2004-08-08,25,0,99,486,5,0,2,1,7,0,0,0,0,0,0,6,15,8,29,0.81,0.94,1.75,8.89,1.6,419,181,0.0,1.3,0.93,0.19,5.37,0.15,0.17,0.32,1.65,93.0,130.4,91.0,31.3,398,174,271,165,299,159,364,172
240,Chelsea,MID,Christopher,Nkunku,Nkunku,,2023-07-01,1997-11-14,0,0,0,0,0,0,0,0,0,0,0,0,0,0,0,0,0,0,0,0.00,0.00,0.00,0.00,0.0,832,373,0.0,0.0,0.0,0.0,0.0,0.0,0.0,0.0,0.0,0.0,0.0,0.0,0.0,832,373,832,373,831,373,832,373
241,Chelsea,MID,Moisés,Caicedo Corozo,Caicedo,,2023-08-14,2001-11-02,110,10,580,2796,32,3,1,6,47,0,0,0,11,1,0,102,177,87,366,1.45,2.38,3.83,42.54,3.3,153,66,0.0,1.51,1.03,0.19,11.78,0.05,0.08,0.13,1.37,562.4,403.1,128.0,109.2,99,31,88,64,255,141,123,69
244,Chelsea,MID,Roméo,Lavia,Lavia,,2023-08-18,2004-01-06,13,0,81,374,4,0,0,0,10,0,0,0,0,0,0,9,20,8,37,0.21,0.55,0.76,8.53,1.1,460,204,0.0,2.41,0.96,0.0,8.9,0.05,0.13,0.18,2.05,34.4,46.6,14.0,9.5,445,195,378,193,419,205,436,197
245,Chelsea,MID,Mykhailo,Mudryk,Mudryk,,2023-01-15,2001-01-05,0,0,0,0,0,0,0,0,0,0,0,0,0,0,0,0,0,0,0,0.00,0.00,0.00,0.00,0.0,800,350,0.0,0.0,0.0,0.0,0.0,0.0,0.0,0.0,0.0,0.0,0.0,0.0,0.0,800,350,796,350,793,349,800,350
246,Chelsea,MID,Andrey,Nascimento dos Santos,Andrey Santos,Andrey Santos,2023-01-07,2004-05-03,47,3,257,1247,13,1,0,1,18,0,0,0,4,0,0,44,48,37,129,2.00,0.88,2.88,18.91,1.7,396,170,0.0,1.3,0.94,0.07,9.31,0.14,0.06,0.2,1.36,229.6,153.9,91.0,47.5,288,121,246,156,298,158,314,153
247,Chelsea,MID,Dário,Luís Essugo,D.Essugo,Dário Essugo,2025-06-02,2005-03-14,1,0,7,26,0,0,0,0,1,0,0,0,2,0,0,1,1,6,8,0.00,0.01,0.01,0.55,0.3,536,248,0.0,3.46,0.0,0.0,27.69,0.0,0.03,0.03,1.9,11.4,2.1,2.0,1.6,477,211,478,229,461,226,494,223
248,Chelsea,MID,Kendry,Páez Andrade,Paez,,,,0,0,0,0,0,0,0,0,0,0,0,0,0,0,0,0,0,0,0,0.00,0.00,0.00,0.00,0.0,765,324,0.0,0.0,0.0,0.0,0.0,0.0,0.0,0.0,0.0,0.0,0.0,0.0,0.0,765,324,758,323,745,320,765,324
249,Chelsea,FWD,João Pedro,Junqueira de Jesus,João Pedro,João Pedro,2025-07-02,2001-09-26,177,30,715,2658,31,15,9,10,36,0,0,0,5,0,0,39,72,27,138,14.91,1.96,16.87,37.25,5.1,10,2,0.0,1.22,1.05,0.34,4.67,0.5,0.07,0.57,1.26,758.4,456.6,909.0,212.1,39,4,71,3,6,5,16,5
250,Chelsea,FWD,Liam,Delap,Delap,,2025-06-04,2003-02-08,45,1,123,1092,12,1,2,2,18,0,0,0,4,0,0,12,25,5,42,4.54,0.23,4.76,16.67,1.6,420,49,0.0,1.48,0.99,0.16,3.46,0.37,0.02,0.39,1.37,67.8,73.7,349.0,47.3,416,48,338,43,91,28,318,40
251,Chelsea,FWD,Nicolas,Jackson,N.Jackson,,2023-07-01,2001-06-20,0,0,0,0,0,0,0,0,0,0,0,0,0,0,0,0,0,0,0,0.00,0.00,0.00,0.00,0.0,838,95,0.0,0.0,0.0,0.0,0.0,0.0,0.0,0.0,0.0,0.0,0.0,0.0,0.0,838,95,838,95,838,95,838,95
252,Chelsea,FWD,Marc,Guiu Paz,Marc Guiu,,2024-07-01,2006-01-04,13,0,19,265,1,0,1,0,3,0,0,0,1,0,0,4,4,0,8,1.54,0.29,1.83,5.89,1.3,441,52,0.0,1.02,0.34,0.0,2.72,0.52,0.1,0.62,2.0,24.6,40.1,86.0,13.1,458,53,383,49,305,52,418,53
453,Chelsea,MID,Alejandro,Garnacho Ferreyra,Garnacho,,2025-08-30,2004-07-01,56,3,222,1261,14,1,4,4,20,0,0,0,2,0,0,10,45,16,71,3.44,3.68,7.12,20.52,2.3,312,131,0.0,1.43,1.0,0.29,5.07,0.25,0.26,0.51,1.46,211.4,405.3,399.0,100.5,302,128,85,61,79,46,146,80
672,Chelsea,DEF,Jorrel,Hato,Hato,,2025-08-03,2006-03-07,19,0,93,1139,12,0,0,0,27,0,0,0,7,0,0,63,50,36,99,0.30,0.61,0.91,18.50,0.9,526,177,0.0,2.13,0.95,0.0,7.82,0.02,0.05,0.07,1.46,233.2,114.9,36.0,38.4,287,114,284,84,369,124,342,115
743,Chelsea,MID,Landon,Emenalo,Emenalo,,2025-04-01,2008-01-18,0,0,0,0,0,0,0,0,0,0,0,0,0,0,0,0,0,0,0,0.00,0.00,0.00,0.00,0.0,766,325,0.0,0.0,0.0,0.0,0.0,0.0,0.0,0.0,0.0,0.0,0.0,0.0,0.0,766,325,759,324,746,321,766,325
789,Chelsea,GKP,Max,Merrick,Merrick,,2024-11-07,2005-11-10,0,0,0,0,0,0,0,0,0,0,0,0,0,0,0,0,0,0,0,0.00,0.00,0.00,0.00,0.0,625,85,0.0,0.0,0.0,0.0,0.0,0.0,0.0,0.0,0.0,0.0,0.0,0.0,0.0,615,85,607,75,576,60,618,85
803,Chelsea,GKP,Teddy,Sharman-Lowe,Sharman-Lowe,,2021-10-25,2003-03-30,0,0,0,0,0,0,0,0,0,0,0,0,0,0,0,0,0,0,0,0.00,0.00,0.00,0.00,0.0,621,82,0.0,0.0,0.0,0.0,0.0,0.0,0.0,0.0,0.0,0.0,0.0,0.0,0.0,611,82,602,71,571,56,614,82
829,Chelsea,MID,Jesse,Derry,Derry,,2026-02-12,2007-06-30,1,0,5,45,1,0,0,0,2,0,0,0,0,0,0,0,2,1,3,0.10,0.02,0.12,1.09,1.0,501,226,0.0,4.0,2.0,0.0,6.0,0.2,0.04,0.24,2.18,4.6,6.4,25.0,3.6,495,222,458,219,391,194,476,213
833,Chelsea,MID,Mathis,Eboué,Eboué,,2026-05-08,2009-02-27,0,0,0,0,0,0,0,0,0,0,0,0,0,0,0,0,0,0,0,0.00,0.00,0.00,0.00,0.0,779,335,0.0,0.0,0.0,0.0,0.0,0.0,0.0,0.0,0.0,0.0,0.0,0.0,0.0,779,335,772,334,759,331,779,335
834,Chelsea,MID,Ryan,Kavuma-McQueen,Kavuma-McQueen,,2025-10-21,2009-01-01,0,0,0,0,0,0,0,0,0,0,0,0,0,0,0,0,0,0,0,0.00,0.00,0.00,0.00,0.0,769,327,0.0,0.0,0.0,0.0,0.0,0.0,0.0,0.0,0.0,0.0,0.0,0.0,0.0,769,327,762,326,749,323,769,327
840,Chelsea,FWD,Shumaira,Mheuka,Mheuka,,2024-10-23,2007-10-20,1,0,3,1,0,0,0,0,0,0,0,0,0,0,0,1,0,0,1,0.00,0.00,0.00,0.05,1.0,494,59,0.0,0.0,0.0,0.0,90.0,0.0,0.0,0.0,4.5,2.0,0.3,0.0,0.2,511,60,499,62,719,77,524,64
253,Crystal Palace,GKP,Dean,Henderson,Henderson,,2023-08-31,1997-03-12,131,7,538,3330,37,0,0,11,51,0,1,0,5,0,106,55,298,1,0,0.00,0.11,0.11,51.40,3.5,117,12,2.86,1.38,1.0,0.3,0.0,0.0,0.0,0.0,1.39,837.8,10.0,0.0,84.7,24,6,447,17,815,94,188,7
254,Crystal Palace,GKP,Walter,Benítez,Benitez,,2025-07-01,1993-01-19,7,0,29,90,1,0,0,1,0,0,0,0,0,0,3,1,9,0,0,0.00,0.00,0.00,1.12,7.0,1,1,3.0,0.0,1.0,1.0,0.0,0.0,0.0,0.0,1.12,22.8,0.0,0.0,2.3,460,37,537,31,506,16,485,37
255,Crystal Palace,GKP,Remi,Matthews,Matthews,,2021-07-13,1994-02-10,0,0,0,0,0,0,0,0,0,0,0,0,0,0,0,0,0,0,0,0.00,0.00,0.00,0.00,0.0,566,51,0.0,0.0,0.0,0.0,0.0,0.0,0.0,0.0,0.0,0.0,0.0,0.0,0.0,555,51,540,34,509,19,558,51
256,Crystal Palace,DEF,Daniel,Muñoz Mejía,Muñoz,,2024-01-30,1996-05-26,136,9,469,2400,29,4,4,10,33,0,0,0,7,0,0,124,97,72,196,2.45,3.94,6.39,34.28,4.7,24,7,0.0,1.24,1.09,0.38,7.35,0.09,0.15,0.24,1.29,595.0,396.6,404.0,139.5,86,37,93,23,76,5,72,12
257,Crystal Palace,DEF,Maxence,Lacroix,Lacroix,,2024-08-30,2000-04-06,154,11,529,3085,35,1,2,11,47,0,0,0,4,1,0,310,96,60,370,2.45,0.83,3.28,44.04,4.4,34,11,0.0,1.37,1.02,0.32,10.79,0.07,0.02,0.09,1.28,822.0,106.4,316.0,124.3,30,10,295,93,103,13,93,21
258,Crystal Palace,DEF,Tyrick,Mitchell,Mitchell,,2019-12-15,1999-09-01,135,8,498,3253,36,1,3,12,47,0,0,0,6,0,0,145,187,100,245,1.59,2.53,4.12,49.78,3.6,102,38,0.0,1.3,1.0,0.33,6.78,0.04,0.07,0.11,1.38,649.0,467.3,241.0,136.0,69,31,67,13,149,31,80,16
259,Crystal Palace,DEF,Borna,Sosa,Sosa,,2025-07-11,1998-01-21,6,0,9,99,0,0,0,0,2,0,0,0,1,0,0,6,3,3,9,0.04,0.07,0.11,0.90,0.9,527,178,0.0,1.82,0.0,0.0,8.18,0.04,0.06,0.1,0.82,12.6,24.1,8.0,4.5,475,172,406,147,433,163,469,168
261,Crystal Palace,DEF,Chris,Richards,Richards,,2022-07-27,2000-03-28,128,5,453,2825,31,1,0,11,42,0,0,0,4,0,0,257,65,54,311,2.42,1.56,3.98,41.19,3.9,69,25,0.0,1.34,0.99,0.35,9.91,0.08,0.05,0.13,1.31,727.2,159.6,185.0,107.6,45,19,241,62,202,53,126,36
262,Crystal Palace,DEF,Chadi,Riad Dnanou,Chadi Riad,,2024-07-02,2003-06-17,20,0,84,550,6,0,1,1,8,0,0,0,2,0,0,37,32,8,45,0.33,0.13,0.46,9.09,2.2,315,120,0.0,1.31,0.98,0.16,7.36,0.05,0.02,0.07,1.49,117.8,23.9,41.0,18.3,378,141,407,148,357,119,400,143
263,Crystal Palace,DEF,Nathaniel,Clyne,Clyne,,2020-10-14,1991-04-05,17,2,50,592,7,0,1,0,12,0,0,0,1,0,0,34,17,16,50,0.43,0.60,1.03,10.44,1.7,391,142,0.0,1.82,1.06,0.0,7.6,0.07,0.09,0.16,1.59,105.2,55.0,33.0,19.2,386,142,361,128,373,126,397,141
264,Crystal Palace,DEF,Rob,Holding,Holding,,2023-09-01,1995-09-20,0,0,0,0,0,0,0,0,0,0,0,0,0,0,0,0,0,0,0,0.00,0.00,0.00,0.00,0.0,595,213,0.0,0.0,0.0,0.0,0.0,0.0,0.0,0.0,0.0,0.0,0.0,0.0,0.0,584,213,574,212,543,208,587,213
265,Crystal Palace,DEF,Caleb,Kporha,Kporha,,2024-07-30,2006-07-15,0,0,0,0,0,0,0,0,0,0,0,0,0,0,0,0,0,0,0,0.00,0.00,0.00,0.00,0.0,641,239,0.0,0.0,0.0,0.0,0.0,0.0,0.0,0.0,0.0,0.0,0.0,0.0,0.0,631,240,623,239,593,236,634,240
267,Crystal Palace,MID,Ismaïla,Sarr,Sarr,Ismaïla Sarr,2024-08-01,1998-02-25,117,9,359,2173,24,9,2,9,29,0,0,0,2,0,0,40,79,18,137,10.93,1.17,12.09,31.25,4.2,48,22,0.0,1.2,0.99,0.37,5.67,0.45,0.05,0.5,1.29,479.8,269.4,601.0,135.1,140,49,160,105,36,20,81,49
268,Crystal Palace,MID,Cheick,Doucouré,Doucouré,,2022-07-11,2000-01-08,0,0,0,0,0,0,0,0,0,0,0,0,0,0,0,0,0,0,0,0.00,0.00,0.00,0.00,0.0,797,348,0.0,0.0,0.0,0.0,0.0,0.0,0.0,0.0,0.0,0.0,0.0,0.0,0.0,797,348,793,348,790,347,797,348
269,Crystal Palace,MID,Romain,Esse,Esse,,2025-01-18,2005-05-13,4,0,12,40,0,0,0,0,0,0,0,0,0,0,0,0,2,3,5,0.00,0.04,0.04,1.74,1.0,504,229,0.0,0.0,0.0,0.0,11.25,0.0,0.09,0.09,3.92,6.8,2.7,6.0,1.5,489,219,473,226,440,212,497,226
270,Crystal Palace,MID,Will,Hughes,Hughes,,2021-08-28,1995-04-17,45,0,217,1560,19,0,1,5,18,0,0,0,7,0,0,54,66,28,148,1.11,1.94,3.05,25.35,1.5,423,182,0.0,1.04,1.1,0.29,8.54,0.06,0.11,0.17,1.46,198.0,322.9,90.0,60.9,313,136,129,89,300,160,266,132
271,Crystal Palace,MID,Daichi,Kamada,Kamada,,2024-07-01,1996-08-05,67,0,331,1899,22,0,2,6,28,0,0,0,3,0,0,38,108,62,208,1.64,3.24,4.88,26.04,2.4,298,124,0.0,1.33,1.04,0.28,9.86,0.08,0.15,0.23,1.23,239.2,350.1,155.0,74.5,283,118,115,81,231,126,218,105
272,Crystal Palace,MID,Jefferson,Lerma Solís,Lerma,,2023-07-01,1994-10-25,69,3,296,1722,18,0,5,7,25,2,0,0,7,0,0,90,102,28,220,1.84,1.48,3.32,25.11,2.2,321,135,0.0,1.31,0.94,0.37,11.5,0.1,0.08,0.18,1.31,287.6,207.2,233.0,72.5,255,109,198,130,154,84,229,112
273,Crystal Palace,MID,Adam,Wharton,Wharton,,2024-02-01,2004-02-06,112,8,511,2552,29,1,6,8,43,0,0,0,4,1,0,70,163,70,303,1.52,7.47,8.98,39.08,3.3,149,63,0.0,1.52,1.02,0.28,10.69,0.05,0.26,0.31,1.38,494.4,720.0,180.0,139.6,133,44,23,22,209,110,71,45
274,Crystal Palace,MID,Asher,Agbinone,Agbinone,,2024-07-30,2005-09-28,0,0,0,0,0,0,0,0,0,0,0,0,0,0,0,0,0,0,0,0.00,0.00,0.00,0.00,0.0,676,257,0.0,0.0,0.0,0.0,0.0,0.0,0.0,0.0,0.0,0.0,0.0,0.0,0.0,665,248,661,252,639,242,668,250
275,Crystal Palace,MID,Naouirou,Ahamada,Ahamada,,2023-01-31,2002-03-29,0,0,0,0,0,0,0,0,0,0,0,0,0,0,0,0,0,0,0,0.00,0.00,0.00,0.00,0.0,668,250,0.0,0.0,0.0,0.0,0.0,0.0,0.0,0.0,0.0,0.0,0.0,0.0,0.0,657,241,652,245,628,233,660,243
276,Crystal Palace,MID,Justin,Devenny,Devenny,,2024-03-13,2003-10-11,36,0,108,785,7,1,0,1,15,0,0,0,0,0,0,13,34,25,72,2.38,0.39,2.77,14.71,1.7,393,168,0.0,1.72,0.8,0.11,8.25,0.27,0.04,0.31,1.69,115.0,101.8,168.0,38.4,381,170,298,171,217,116,341,163
277,Crystal Palace,MID,Malcolm,Ebiowei,Ebiowei,,2022-07-01,2003-09-04,0,0,0,0,0,0,0,0,0,0,0,0,0,0,0,0,0,0,0,0.00,0.00,0.00,0.00,0.0,717,282,0.0,0.0,0.0,0.0,0.0,0.0,0.0,0.0,0.0,0.0,0.0,0.0,0.0,711,277,707,279,690,273,713,279
278,Crystal Palace,MID,Jesurun,Rak-Sakyi,J.Rak-Sakyi,,2021-04-09,2002-10-05,0,0,0,0,0,0,0,0,0,0,0,0,0,0,0,0,0,0,0,0.00,0.00,0.00,0.00,0.0,688,264,0.0,0.0,0.0,0.0,0.0,0.0,0.0,0.0,0.0,0.0,0.0,0.0,0.0,680,257,676,260,655,251,682,259
279,Crystal Palace,MID,Matheus,França de Oliveira,M.França,,2023-08-05,2004-04-01,0,0,0,0,0,0,0,0,0,0,0,0,0,0,0,0,0,0,0,0.00,0.00,0.00,0.00,0.0,735,299,0.0,0.0,0.0,0.0,0.0,0.0,0.0,0.0,0.0,0.0,0.0,0.0,0.0,730,295,725,296,708,290,731,296
280,Crystal Palace,MID,David,Ozoh,Ozoh,,2022-07-11,2005-05-06,0,0,0,0,0,0,0,0,0,0,0,0,0,0,0,0,0,0,0,0.00,0.00,0.00,0.00,0.0,732,296,0.0,0.0,0.0,0.0,0.0,0.0,0.0,0.0,0.0,0.0,0.0,0.0,0.0,727,292,722,293,705,287,728,293
281,Crystal Palace,MID,Kaden,Rodney,Rodney,,2022-07-08,2004-10-07,1,0,2,3,0,0,0,0,0,0,0,0,0,0,0,0,0,0,0,0.00,0.00,0.00,0.65,1.0,486,214,0.0,0.0,0.0,0.0,0.0,0.0,0.0,0.0,19.5,0.0,0.1,0.0,0.0,686,263,502,243,662,258,688,265
282,Crystal Palace,MID,Franco,Umeh-Chibueze,Umeh,,2024-02-18,2005-01-26,0,0,0,0,0,0,0,0,0,0,0,0,0,0,0,0,0,0,0,0.00,0.00,0.00,0.00,0.0,748,310,0.0,0.0,0.0,0.0,0.0,0.0,0.0,0.0,0.0,0.0,0.0,0.0,0.0,745,308,739,308,725,304,746,309
283,Crystal Palace,FWD,Jean-Philippe,Mateta,Mateta,,2022-01-31,1997-06-28,114,13,397,2210,25,12,0,8,29,0,0,0,2,0,0,58,57,10,125,14.42,1.32,15.74,31.77,3.6,109,10,0.0,1.18,1.02,0.33,5.09,0.59,0.05,0.64,1.29,567.2,160.6,786.0,150.8,97,9,235,25,20,11,58,13
284,Crystal Palace,FWD,Eddie,Nketiah,Nketiah,,2024-08-30,1999-05-30,23,3,100,414,2,2,0,0,12,0,0,0,2,0,0,13,17,8,38,1.77,0.46,2.23,9.49,1.9,365,39,0.0,2.61,0.43,0.0,8.26,0.38,0.1,0.48,2.06,120.0,84.6,173.0,37.8,375,41,314,38,215,45,343,44
285,Crystal Palace,FWD,Odsonne,Édouard,Édouard,,2021-08-31,1998-01-16,1,0,6,2,0,0,0,0,0,0,0,0,0,0,0,0,0,1,1,0.00,0.00,0.00,0.27,1.0,512,63,0.0,0.0,0.0,0.0,45.0,0.0,0.0,0.0,12.15,2.0,0.0,0.0,0.2,512,61,804,90,801,90,525,65
286,Crystal Palace,FWD,Zach,Marsh,Marsh,,2023-07-18,2005-10-06,0,0,0,0,0,0,0,0,0,0,0,0,0,0,0,0,0,0,0,0.00,0.00,0.00,0.00,0.0,699,76,0.0,0.0,0.0,0.0,0.0,0.0,0.0,0.0,0.0,0.0,0.0,0.0,0.0,693,75,688,74,669,73,695,75
580,Crystal Palace,MID,Brennan,Johnson,Johnson,,2026-01-02,2001-05-23,65,2,217,1710,19,2,1,6,24,0,0,0,6,0,0,37,55,29,121,2.45,1.31,3.76,28.29,1.9,371,160,0.0,1.26,1.0,0.32,6.37,0.13,0.07,0.2,1.49,223.4,311.1,230.0,75.8,292,125,138,93,157,86,216,103
654,Crystal Palace,FWD,Jørgen,Strand Larsen,Strand Larsen,,2026-02-02,2000-02-06,75,3,215,2301,26,4,1,5,41,0,0,1,4,0,0,49,37,9,95,5.30,1.12,6.42,36.03,2.1,339,36,0.0,1.6,1.02,0.2,3.72,0.21,0.04,0.25,1.41,265.2,203.1,469.0,91.5,269,26,203,19,59,24,171,25
677,Crystal Palace,MID,Evann,Guessand,Guessand,,2026-01-30,2001-07-01,44,0,143,909,9,1,3,2,15,0,0,0,0,0,0,16,43,24,83,1.56,0.85,2.41,14.48,2.1,340,146,0.0,1.49,0.89,0.2,8.22,0.15,0.08,0.23,1.43,159.4,76.6,187.0,42.0,341,154,333,179,198,104,332,158
690,Crystal Palace,MID,Rio,Cardines,Cardines,,2025-07-24,2006-07-01,2,0,21,90,1,0,0,0,2,0,0,0,0,0,0,2,4,1,7,0.02,0.16,0.18,2.53,2.0,348,148,0.0,2.0,1.0,0.0,7.0,0.02,0.16,0.18,2.53,15.2,30.0,4.0,4.9,469,208,399,200,446,217,464,206
712,Crystal Palace,MID,Yéremy,Pino Santos,Yeremy,,2025-08-29,2002-10-20,77,3,331,2074,26,2,2,7,28,0,0,0,4,0,0,30,101,36,167,4.53,6.12,10.65,30.01,2.3,311,130,0.0,1.22,1.13,0.3,7.25,0.2,0.27,0.47,1.3,325.8,718.4,371.0,141.4,229,95,24,23,84,50,66,42
723,Crystal Palace,DEF,Jaydee,Canvot,Canvot,,2025-09-01,2006-07-29,72,9,216,1331,14,0,0,5,23,0,0,0,3,0,0,129,54,40,169,1.48,0.33,1.81,23.84,3.6,97,35,0.0,1.56,0.95,0.34,11.43,0.1,0.02,0.12,1.61,362.4,63.8,56.0,48.1,205,87,348,120,340,111,310,103
732,Crystal Palace,FWD,Christantus,Uche,Uche,,2025-09-01,2003-05-19,17,0,42,159,0,0,1,0,4,0,0,0,0,0,0,3,9,1,13,0.49,0.01,0.50,4.63,1.2,456,54,0.0,2.26,0.0,0.0,7.36,0.28,0.01,0.29,2.62,13.2,7.1,73.0,8.8,472,55,454,57,320,53,440,54
762,Crystal Palace,MID,Joél,Drakes-Thomas,Drakes-Thomas,,2025-12-10,2009-06-09,2,0,6,7,0,0,0,0,1,0,0,0,0,0,0,0,2,1,3,0.00,0.00,0.00,0.73,1.0,502,227,0.0,12.86,0.0,0.0,38.57,0.0,0.0,0.0,9.39,1.4,1.0,0.0,0.3,516,235,490,236,760,332,521,238
773,Crystal Palace,DEF,Dean,Benamar,Benamar,,2025-07-31,2008-05-31,0,0,0,0,0,0,0,0,0,0,0,0,0,0,0,0,0,0,0,0.00,0.00,0.00,0.00,0.0,650,247,0.0,0.0,0.0,0.0,0.0,0.0,0.0,0.0,0.0,0.0,0.0,0.0,0.0,640,248,632,247,603,245,643,248
780,Crystal Palace,FWD,Ben,Casey,Casey,,2025-12-10,2008-02-04,0,0,0,0,0,0,0,0,0,0,0,0,0,0,0,0,0,0,0,0.00,0.00,0.00,0.00,0.0,774,85,0.0,0.0,0.0,0.0,0.0,0.0,0.0,0.0,0.0,0.0,0.0,0.0,0.0,774,85,767,84,754,84,774,85
793,Crystal Palace,DEF,George,King,King,,2025-07-11,2007-03-20,0,0,0,0,0,0,0,0,0,0,0,0,0,0,0,0,0,0,0,0.00,0.00,0.00,0.00,0.0,642,240,0.0,0.0,0.0,0.0,0.0,0.0,0.0,0.0,0.0,0.0,0.0,0.0,0.0,632,241,624,240,594,237,635,241
798,Crystal Palace,DEF,Danny,Imray,Imray,,2024-03-13,2003-07-27,0,0,0,0,0,0,0,0,0,0,0,0,0,0,0,0,0,0,0,0.00,0.00,0.00,0.00,0.0,622,226,0.0,0.0,0.0,0.0,0.0,0.0,0.0,0.0,0.0,0.0,0.0,0.0,0.0,612,227,603,226,572,222,615,227
242,Everton,MID,Kiernan,Dewsbury-Hall,Dewsbury-Hall,,2025-08-06,1998-09-06,151,18,598,2629,30,8,7,8,39,0,0,0,6,0,0,44,134,52,230,4.35,5.34,9.69,40.38,4.9,14,7,0.0,1.34,1.03,0.27,7.87,0.15,0.18,0.33,1.38,619.4,601.1,438.0,166.0,76,23,38,35,63,36,42,31
243,Everton,MID,Tyrique,George,George,,2026-02-02,2006-02-04,16,0,55,351,1,0,0,1,9,0,0,0,2,0,0,2,14,7,23,0.64,1.19,1.83,6.49,1.1,458,203,0.0,2.31,0.26,0.26,5.9,0.16,0.31,0.47,1.66,44.2,66.2,132.0,23.9,436,190,344,183,249,139,385,180
287,Everton,GKP,Jordan,Pickford,Pickford,,2017-07-01,1994-03-07,135,11,545,3420,38,0,0,11,50,0,1,0,4,0,100,52,313,2,0,0.00,0.20,0.20,56.24,3.6,105,11,2.63,1.32,1.0,0.29,0.0,0.0,0.01,0.01,1.48,885.2,20.3,2.0,90.8,16,4,412,6,470,3,174,5
288,Everton,GKP,Mark,Travers,Travers,,2025-07-15,1999-05-18,0,0,0,0,0,0,0,0,0,0,0,0,0,0,0,0,0,0,0,0.00,0.00,0.00,0.00,0.0,659,92,0.0,0.0,0.0,0.0,0.0,0.0,0.0,0.0,0.0,0.0,0.0,0.0,0.0,649,92,643,84,617,71,652,92
289,Everton,GKP,Harry,Tyrer,Tyrer,,2021-02-09,2001-12-06,0,0,0,0,0,0,0,0,0,0,0,0,0,0,0,0,0,0,0,0.00,0.00,0.00,0.00,0.0,572,55,0.0,0.0,0.0,0.0,0.0,0.0,0.0,0.0,0.0,0.0,0.0,0.0,0.0,561,55,546,38,515,23,564,55
290,Everton,DEF,Jarrad,Branthwaite,Branthwaite,,2020-06-20,2002-06-27,32,0,108,678,7,1,1,1,9,0,0,0,1,0,0,53,30,14,67,0.34,0.11,0.45,9.43,3.2,170,64,0.0,1.19,0.93,0.13,8.89,0.05,0.01,0.06,1.25,175.0,42.8,75.0,29.3,328,126,381,136,317,100,372,128
291,Everton,DEF,James,Tarkowski,Tarkowski,,2022-07-01,1992-11-19,170,12,592,3330,37,2,3,11,48,0,0,0,8,0,0,325,90,51,376,2.53,2.10,4.63,53.54,4.6,25,8,0.0,1.3,1.0,0.3,10.16,0.07,0.06,0.13,1.45,995.6,235.6,422.0,165.7,6,3,176,46,70,3,43,5
292,Everton,DEF,Vitalii,Mykolenko,Mykolenko,,2022-01-01,1999-05-29,95,2,350,2959,33,0,1,9,47,1,0,0,6,0,0,183,107,48,231,0.28,2.46,2.74,48.41,2.9,208,83,0.0,1.43,1.0,0.27,7.03,0.01,0.07,0.08,1.47,559.2,394.1,71.0,102.3,102,46,95,25,323,104,143,43
293,Everton,DEF,Jake,O'Brien,O'Brien,,2024-07-30,2001-05-15,116,2,368,3118,35,1,3,10,46,0,0,0,6,1,0,174,114,57,231,1.67,1.00,2.67,53.49,3.1,181,70,0.0,1.33,1.01,0.29,6.67,0.05,0.03,0.08,1.54,582.8,282.9,206.0,107.5,91,39,156,41,178,42,128,37
294,Everton,DEF,Séamus,Coleman,Coleman,,2009-02-02,1988-10-11,5,0,13,19,1,0,0,0,1,0,0,0,0,0,0,2,2,0,2,0.00,0.17,0.17,0.43,1.0,474,174,0.0,4.74,4.74,0.0,9.47,0.0,0.81,0.81,2.04,7.0,19.3,0.0,2.7,488,176,416,152,613,252,481,172
295,Everton,DEF,Michael,Keane,Keane,,2017-07-03,1993-01-11,131,8,404,2588,29,3,1,7,42,0,0,0,1,1,0,265,87,37,302,2.30,0.49,2.79,44.52,4.0,55,19,0.0,1.46,1.01,0.24,10.5,0.08,0.02,0.1,1.55,770.4,47.4,299.0,111.7,37,15,374,133,114,17,119,33
296,Everton,DEF,Nathan,Patterson,Patterson,,2022-01-04,2001-10-16,22,0,67,238,3,0,0,2,2,0,0,0,0,0,0,21,14,10,31,0.03,0.04,0.07,3.67,3.1,176,67,0.0,0.76,1.13,0.76,11.72,0.01,0.02,0.03,1.39,65.6,6.4,17.0,8.8,420,157,457,165,413,152,439,159
297,Everton,DEF,Roman,Dixon,Dixon,,,,0,0,0,0,0,0,0,0,0,0,0,0,0,0,0,0,0,0,0,0.00,0.00,0.00,0.00,0.0,550,193,0.0,0.0,0.0,0.0,0.0,0.0,0.0,0.0,0.0,0.0,0.0,0.0,0.0,539,193,520,192,488,187,542,193
298,Everton,DEF,Reece,Welch,Welch,,2021-04-11,2003-09-19,0,0,0,0,0,0,0,0,0,0,0,0,0,0,0,0,0,0,0,0.00,0.00,0.00,0.00,0.0,549,192,0.0,0.0,0.0,0.0,0.0,0.0,0.0,0.0,0.0,0.0,0.0,0.0,0.0,538,192,519,191,487,186,541,192
299,Everton,MID,Iliman,Ndiaye,Ndiaye,Iliman Ndiaye,2024-07-03,2000-03-06,128,7,540,2781,32,6,3,8,44,0,0,0,2,0,0,38,178,67,283,6.68,4.41,11.09,42.68,4.0,65,30,0.0,1.42,1.04,0.26,9.16,0.22,0.14,0.36,1.38,605.8,479.2,578.0,166.5,79,24,65,52,41,24,41,30
300,Everton,MID,Dwight,McNeil,McNeil,,2022-07-28,1999-11-22,53,1,186,1161,14,0,3,6,9,0,0,0,1,0,0,26,62,23,111,1.37,1.91,3.28,18.80,2.4,300,126,0.0,0.7,1.09,0.47,8.6,0.11,0.15,0.26,1.46,140.6,242.4,138.0,52.2,356,159,169,111,242,134,295,150
301,Everton,MID,Carlos,Alcaraz Durán,Alcaraz,,2025-07-01,2002-11-30,29,0,121,679,6,0,1,3,10,0,0,0,4,0,0,13,43,14,70,1.17,0.54,1.71,13.56,1.4,438,191,0.0,1.33,0.8,0.4,9.28,0.16,0.07,0.23,1.8,93.8,161.9,162.0,41.8,397,173,232,151,226,123,334,159
302,Everton,MID,Idrissa Gana,Gueye,Gana,Idrissa Gueye,2022-09-01,1989-09-26,83,4,419,2094,25,2,3,5,26,0,0,0,1,1,0,59,116,43,218,1.99,1.84,3.83,31.26,3.3,152,65,0.0,1.12,1.07,0.21,9.37,0.09,0.08,0.17,1.34,382.6,259.2,208.0,85.1,191,75,164,107,175,95,187,90
303,Everton,MID,James,Garner,Garner,,2022-09-01,2001-03-13,159,13,818,3413,38,2,7,11,50,0,0,0,12,0,0,154,185,119,458,2.10,6.18,8.28,56.18,4.2,45,20,0.0,1.32,1.0,0.29,12.08,0.06,0.16,0.22,1.48,887.0,958.0,237.0,208.4,15,5,7,7,150,81,18,13
304,Everton,MID,Tim,Iroegbunam,Iroegbunam,,2024-06-22,2003-06-30,68,1,225,1477,17,0,3,8,18,0,0,0,9,0,0,43,78,68,189,0.54,0.71,1.25,24.64,2.3,307,128,0.0,1.1,1.04,0.49,11.52,0.03,0.04,0.07,1.5,255.0,125.2,81.0,45.9,274,116,278,167,310,162,323,155
305,Everton,MID,Harrison,Armstrong,Armstrong,,2024-08-09,2007-01-19,21,0,84,524,6,0,0,1,11,0,0,0,0,0,0,13,24,13,50,0.79,0.22,1.01,10.93,1.6,413,176,0.0,1.89,1.03,0.17,8.59,0.14,0.04,0.18,1.88,60.0,69.7,78.0,21.0,424,182,339,181,312,163,392,181
306,Everton,MID,Callum,Bates,Bates,,2024-11-08,2005-09-28,0,0,0,0,0,0,0,0,0,0,0,0,0,0,0,0,0,0,0,0.00,0.00,0.00,0.00,0.0,674,255,0.0,0.0,0.0,0.0,0.0,0.0,0.0,0.0,0.0,0.0,0.0,0.0,0.0,663,246,659,250,637,240,666,248
307,Everton,MID,Coby,Ebere,Ebere,,,,0,0,0,0,0,0,0,0,0,0,0,0,0,0,0,0,0,0,0,0.00,0.00,0.00,0.00,0.0,691,267,0.0,0.0,0.0,0.0,0.0,0.0,0.0,0.0,0.0,0.0,0.0,0.0,0.0,683,260,679,263,658,254,685,262
308,Everton,MID,Isaac,Heath,Heath,,2025-02-07,2004-10-28,0,0,0,0,0,0,0,0,0,0,0,0,0,0,0,0,0,0,0,0.00,0.00,0.00,0.00,0.0,727,291,0.0,0.0,0.0,0.0,0.0,0.0,0.0,0.0,0.0,0.0,0.0,0.0,0.0,722,287,717,288,700,282,723,288
309,Everton,MID,Jenson,Metcalfe,Metcalfe,,,,0,0,0,0,0,0,0,0,0,0,0,0,0,0,0,0,0,0,0,0.00,0.00,0.00,0.00,0.0,725,289,0.0,0.0,0.0,0.0,0.0,0.0,0.0,0.0,0.0,0.0,0.0,0.0,0.0,720,285,715,286,698,280,721,286
310,Everton,FWD,Thierno,Barry,Barry,,2025-07-09,2002-10-21,95,9,295,1898,21,8,0,7,34,0,0,0,3,0,0,34,34,6,74,8.17,0.44,8.61,33.49,2.5,278,30,0.0,1.61,1.0,0.33,3.51,0.39,0.02,0.41,1.59,341.0,207.7,501.0,102.5,216,20,197,18,54,23,142,23
311,Everton,FWD,Norberto Bercique,Gomes Betuncal,Beto,Beto,2023-08-29,1998-01-31,104,15,343,1551,17,9,1,5,19,0,0,0,3,0,0,49,26,14,89,8.90,0.23,9.13,24.16,2.8,227,25,0.0,1.1,0.99,0.29,5.16,0.52,0.01,0.53,1.4,445.8,159.8,655.0,124.5,152,17,239,26,29,16,92,17
312,Everton,FWD,Youssef,Ramalho Chermiti,Y.Chermiti,,2023-08-11,2004-05-24,0,0,0,0,0,0,0,0,0,0,0,0,0,0,0,0,0,0,0,0.00,0.00,0.00,0.00,0.0,801,90,0.0,0.0,0.0,0.0,0.0,0.0,0.0,0.0,0.0,0.0,0.0,0.0,0.0,801,90,797,89,794,89,801,90
313,Everton,FWD,Martin,Sherif,Sherif,,2024-09-16,2006-06-10,0,0,0,0,0,0,0,0,0,0,0,0,0,0,0,0,0,0,0,0.00,0.00,0.00,0.00,0.0,695,74,0.0,0.0,0.0,0.0,0.0,0.0,0.0,0.0,0.0,0.0,0.0,0.0,0.0,688,73,683,72,664,71,690,73
419,Everton,MID,Jack,Grealish,Grealish,,2025-08-12,1995-09-10,79,12,356,1627,18,2,6,7,23,0,0,0,3,1,0,27,88,20,135,2.05,3.37,5.41,25.81,4.0,64,29,0.0,1.27,1.0,0.39,7.47,0.11,0.19,0.3,1.43,374.2,520.5,397.0,129.2,198,77,54,47,81,48,86,52
630,Everton,GKP,Tom,King,King,,2025-08-15,1995-03-09,0,0,0,0,0,0,0,0,0,0,0,0,0,0,0,0,0,0,0,0.00,0.00,0.00,0.00,0.0,565,50,0.0,0.0,0.0,0.0,0.0,0.0,0.0,0.0,0.0,0.0,0.0,0.0,0.0,554,50,538,32,507,17,557,50
667,Everton,DEF,Adam,Aznou,Aznou,,2025-07-29,2006-06-02,0,0,0,0,0,0,0,0,0,0,0,0,0,0,0,0,0,0,0,0.00,0.00,0.00,0.00,0.0,661,254,0.0,0.0,0.0,0.0,0.0,0.0,0.0,0.0,0.0,0.0,0.0,0.0,0.0,651,255,645,254,620,253,654,255
704,Everton,MID,Tyler,Onyango,Onyango,,2025-07-25,2003-03-04,0,0,0,0,0,0,0,0,0,0,0,0,0,0,0,0,0,0,0,0.00,0.00,0.00,0.00,0.0,720,284,0.0,0.0,0.0,0.0,0.0,0.0,0.0,0.0,0.0,0.0,0.0,0.0,0.0,714,279,710,281,693,275,716,281
705,Everton,DEF,Elijah,Campbell,Campbell,,2023-12-15,2004-08-02,0,0,0,0,0,0,0,0,0,0,0,0,0,0,0,0,0,0,0,0.00,0.00,0.00,0.00,0.0,578,205,0.0,0.0,0.0,0.0,0.0,0.0,0.0,0.0,0.0,0.0,0.0,0.0,0.0,567,205,553,204,522,200,570,205
707,Everton,MID,Tyler,Dibling,Dibling,,2025-08-25,2006-02-17,18,0,49,349,4,0,0,2,2,0,0,0,2,0,0,11,22,7,40,0.20,0.14,0.34,6.65,1.3,450,200,0.0,0.52,1.03,0.52,10.32,0.05,0.04,0.09,1.71,46.0,61.0,32.0,13.6,431,186,353,187,375,190,417,189
728,Everton,MID,Merlin,Röhl,Röhl,,2025-09-01,2002-07-05,36,2,98,675,6,1,1,2,13,0,0,0,0,0,0,15,28,25,68,0.67,0.35,1.02,13.31,2.2,324,137,0.0,1.73,0.8,0.27,9.07,0.09,0.05,0.14,1.77,113.0,87.4,62.0,26.3,384,172,310,174,335,174,381,179
779,Everton,FWD,Braiden,Graham,Graham,,2025-12-29,2007-11-07,0,0,0,0,0,0,0,0,0,0,0,0,0,0,0,0,0,0,0,0.00,0.00,0.00,0.00,0.0,773,84,0.0,0.0,0.0,0.0,0.0,0.0,0.0,0.0,0.0,0.0,0.0,0.0,0.0,773,84,766,83,753,83,773,84
314,Fulham,GKP,Bernd,Leno,Leno,,2022-08-02,1992-03-04,122,8,556,3420,38,0,0,9,51,1,0,0,3,0,98,46,318,4,0,0.00,0.02,0.02,52.73,3.2,168,22,2.58,1.34,1.0,0.24,0.0,0.0,0.0,0.0,1.39,816.2,0.0,0.0,81.5,31,9,802,94,799,92,199,9
315,Fulham,GKP,Steven,Benda,Benda,,2023-08-30,1998-10-01,0,0,0,0,0,0,0,0,0,0,0,0,0,0,0,0,0,0,0,0.00,0.00,0.00,0.00,0.0,602,71,0.0,0.0,0.0,0.0,0.0,0.0,0.0,0.0,0.0,0.0,0.0,0.0,0.0,591,71,582,60,551,45,594,71
316,Fulham,DEF,Antonee,Robinson,Robinson,,2020-08-20,1997-08-08,65,7,280,1487,17,1,0,4,19,0,0,0,5,0,0,88,98,48,136,1.07,1.58,2.65,24.12,3.0,195,78,0.0,1.15,1.03,0.24,8.23,0.06,0.1,0.16,1.46,375.0,334.6,82.0,79.3,196,82,121,32,308,95,205,72
317,Fulham,DEF,Joachim,Andersen,Andersen,,2024-08-23,1996-05-31,123,8,424,2882,33,0,1,8,45,0,0,0,7,1,0,284,114,45,329,1.43,1.83,3.26,44.88,3.7,88,31,0.0,1.41,1.03,0.25,10.27,0.04,0.06,0.1,1.4,790.6,131.0,148.0,107.0,33,12,270,75,235,61,129,38
318,Fulham,DEF,Calvin,Bassey,Bassey,,2023-07-28,1999-12-31,103,9,392,2532,28,1,1,7,40,0,0,0,5,0,0,143,119,62,205,1.71,0.35,2.05,38.01,3.4,124,47,0.0,1.42,1.0,0.25,7.29,0.06,0.01,0.07,1.35,574.0,152.2,115.0,84.5,95,42,250,63,271,76,190,65
319,Fulham,DEF,Timothy,Castagne,Castagne,,2023-08-29,1995-12-05,61,3,294,1838,20,0,2,3,31,0,0,0,4,0,0,106,56,40,146,1.50,1.47,2.97,32.66,2.0,345,128,0.0,1.52,0.98,0.15,7.15,0.07,0.07,0.14,1.6,373.0,292.2,195.0,86.2,199,83,150,39,190,48,183,62
320,Fulham,DEF,Issa,Diop,Diop,,2022-08-10,1997-01-09,31,3,103,812,8,1,0,1,13,0,0,0,2,0,0,55,19,6,61,0.80,0.05,0.85,12.42,2.4,287,111,0.0,1.44,0.89,0.11,6.76,0.09,0.01,0.1,1.38,190.8,8.0,31.0,23.0,317,123,450,161,376,128,389,136
321,Fulham,DEF,Jorge,Cuenca Barreno,J.Cuenca,,2024-08-03,1999-11-17,39,1,155,935,11,0,0,2,11,0,0,0,6,0,0,101,40,16,117,0.05,0.53,0.58,14.70,2.6,257,98,0.0,1.06,1.06,0.19,11.26,0.0,0.05,0.05,1.41,249.6,47.2,14.0,31.2,277,108,375,134,417,154,365,125
322,Fulham,DEF,Kenny,Tete,Tete,,2020-09-10,1995-10-09,81,5,318,1791,21,1,0,6,25,0,0,0,2,0,0,100,82,65,165,0.92,1.46,2.38,25.79,3.7,89,32,0.0,1.26,1.06,0.3,8.29,0.05,0.07,0.12,1.3,416.0,214.1,108.0,73.9,174,71,190,49,274,77,223,78
323,Fulham,DEF,Samuel,Amissah,Amissah,,2023-07-19,2007-03-07,0,0,0,0,0,0,0,0,0,0,0,0,0,0,0,0,0,0,0,0.00,0.00,0.00,0.00,0.0,558,200,0.0,0.0,0.0,0.0,0.0,0.0,0.0,0.0,0.0,0.0,0.0,0.0,0.0,547,200,529,199,498,195,550,200
324,Fulham,MID,Alex,Iwobi,Iwobi,,2023-09-01,1996-05-03,103,13,508,2420,29,4,3,5,40,0,0,0,3,0,0,35,126,27,188,1.91,4.70,6.61,35.70,3.6,106,47,0.0,1.49,1.08,0.19,6.99,0.07,0.17,0.24,1.33,511.2,739.4,343.0,159.4,128,42,22,21,93,55,50,34
325,Fulham,MID,Emile,Smith Rowe,Smith Rowe,,2024-08-02,2000-07-28,80,1,351,1909,22,3,1,6,27,0,0,0,1,0,0,42,71,35,148,4.71,1.12,5.83,31.27,2.2,329,141,0.0,1.27,1.04,0.28,6.98,0.22,0.05,0.27,1.47,291.6,330.0,404.0,102.6,249,107,128,88,75,44,141,77
327,Fulham,MID,Andreas,Hoelgebaum Pereira,Andreas,,2022-07-11,1996-01-01,0,0,0,0,0,0,0,0,0,0,0,0,0,0,0,0,0,0,0,0.00,0.00,0.00,0.00,0.0,820,364,0.0,0.0,0.0,0.0,0.0,0.0,0.0,0.0,0.0,0.0,0.0,0.0,0.0,820,364,820,364,818,364,820,364
328,Fulham,MID,Ryan,Sessegnon,Sessegnon,,2024-07-26,2000-05-18,95,8,332,1816,20,3,3,6,29,0,0,0,0,0,0,96,74,48,218,1.60,1.80,3.40,26.33,3.5,120,51,0.0,1.44,0.99,0.3,10.8,0.08,0.09,0.17,1.3,413.8,225.0,229.0,86.7,175,65,182,119,158,87,181,88
329,Fulham,MID,Harry,Wilson,Wilson,,2021-07-24,1997-03-22,168,21,637,2674,32,10,9,9,38,0,0,0,7,0,0,66,82,29,177,5.88,4.77,10.65,40.14,4.7,23,11,0.0,1.28,1.08,0.3,5.96,0.2,0.16,0.36,1.35,707.2,661.1,601.0,196.9,51,13,32,29,35,19,27,22
330,Fulham,MID,Sander,Berge,Berge,,2024-08-22,1998-02-14,91,3,503,2904,34,0,3,8,45,1,0,0,5,0,0,91,132,57,280,1.54,1.50,3.04,43.09,2.6,262,106,0.0,1.39,1.05,0.25,8.68,0.05,0.05,0.1,1.34,437.8,365.1,105.0,91.0,159,57,107,75,279,149,173,86
331,Fulham,MID,Tom,Cairney,Cairney,,2015-07-07,1991-01-20,41,1,181,756,6,2,0,2,10,0,0,0,3,0,0,12,42,7,61,1.21,0.81,2.02,11.67,1.7,401,172,0.0,1.19,0.71,0.24,7.26,0.14,0.1,0.24,1.39,153.4,195.6,64.0,41.4,345,156,212,140,332,172,336,161
332,Fulham,MID,Saša,Lukić,Lukić,,2023-01-31,1996-08-13,67,4,314,1730,20,1,4,6,22,0,0,0,9,0,0,63,71,49,183,2.23,1.91,4.14,27.64,2.6,263,107,0.0,1.14,1.04,0.31,9.52,0.12,0.1,0.22,1.44,317.6,441.6,176.0,93.4,235,98,75,55,212,113,168,85
333,Fulham,MID,Martial,Godo,Godo,,2022-08-22,2003-03-14,0,0,0,0,0,0,0,0,0,0,0,0,0,0,0,0,0,0,0,0.00,0.00,0.00,0.00,0.0,747,309,0.0,0.0,0.0,0.0,0.0,0.0,0.0,0.0,0.0,0.0,0.0,0.0,0.0,744,307,738,307,724,303,745,308
334,Fulham,MID,Luke,Harris,Harris,,2022-08-05,2005-03-04,0,0,0,0,0,0,0,0,0,0,0,0,0,0,0,0,0,0,0,0.00,0.00,0.00,0.00,0.0,730,294,0.0,0.0,0.0,0.0,0.0,0.0,0.0,0.0,0.0,0.0,0.0,0.0,0.0,725,290,720,291,703,285,726,291
335,Fulham,MID,Josh,King,King,,2024-02-02,2007-01-03,63,3,225,1290,15,1,3,5,18,0,0,0,4,0,0,22,59,26,107,2.47,0.66,3.13,18.97,2.0,347,147,0.0,1.26,1.05,0.35,7.47,0.17,0.05,0.22,1.32,207.4,198.7,336.0,73.3,304,129,208,136,96,56,226,109
336,Fulham,MID,Harrison,Reed,Reed,,2020-08-30,1995-01-27,15,2,48,89,1,1,0,0,4,0,0,0,0,0,0,1,5,0,6,0.13,0.45,0.58,3.43,2.1,333,142,0.0,4.04,1.01,0.0,6.07,0.13,0.46,0.59,3.47,42.0,44.4,11.0,9.7,439,192,379,194,424,208,434,195
337,Fulham,FWD,Raúl,Jiménez Rodríguez,Raúl,,2023-07-25,1991-05-05,112,7,410,2183,27,9,5,9,28,0,0,0,5,0,0,42,55,35,132,11.58,0.90,12.48,34.95,3.1,184,19,0.0,1.15,1.11,0.37,5.44,0.48,0.04,0.52,1.44,479.4,331.5,729.0,153.1,141,14,124,6,24,14,56,12
338,Fulham,FWD,Rodrigo,Muniz Carvalho,Muniz,Rodrigo Muniz,2021-08-20,2001-05-04,36,3,94,987,10,1,1,3,13,1,0,0,2,0,0,29,15,8,52,3.30,0.15,3.45,13.83,1.7,406,46,0.0,1.19,0.91,0.27,4.74,0.3,0.01,0.31,1.26,113.2,93.2,287.0,47.3,383,43,303,34,121,30,317,39
424,Fulham,MID,Oscar,Bobb,Bobb,,2026-01-30,2003-07-12,42,0,182,1030,11,0,2,4,13,0,0,0,1,0,0,12,43,21,76,1.47,2.10,3.57,12.71,1.8,385,166,0.0,1.14,0.96,0.35,6.64,0.13,0.18,0.31,1.11,140.4,315.4,205.0,66.4,357,160,134,92,180,96,247,121
664,Fulham,GKP,Benjamin,Lecomte,Lecomte,,2025-07-26,1991-04-26,0,0,0,0,0,0,0,0,0,0,0,0,0,0,0,0,0,0,0,0.00,0.00,0.00,0.00,0.0,563,48,0.0,0.0,0.0,0.0,0.0,0.0,0.0,0.0,0.0,0.0,0.0,0.0,0.0,552,48,535,29,504,14,555,48
727,Fulham,MID,Samuel,Chukwueze,Chukwueze,,2025-09-01,1999-05-22,62,1,242,1067,10,3,4,2,20,0,0,0,0,0,0,18,57,6,81,2.10,3.36,5.46,18.76,2.7,245,98,0.0,1.69,0.84,0.17,6.83,0.18,0.28,0.46,1.58,274.0,346.7,243.0,85.8,265,111,119,84,145,79,186,89
731,Fulham,MID,Kevin,Santos Lopes de Macedo,Kevin,Kevin,2025-09-01,2003-01-04,49,0,183,1030,9,1,3,4,15,0,0,0,1,0,0,17,48,21,86,1.21,1.47,2.68,14.57,1.9,369,158,0.0,1.31,0.79,0.35,7.51,0.11,0.13,0.24,1.27,216.0,246.6,243.0,70.4,298,126,167,110,146,80,238,115
737,Fulham,FWD,Jonah,Kusi-Asare,Kusi-Asare,,2025-09-01,2007-07-04,6,0,19,49,0,0,0,0,2,0,0,0,1,0,0,0,4,1,5,0.00,0.07,0.07,1.10,0.9,525,66,0.0,3.67,0.0,0.0,9.18,0.0,0.13,0.13,2.02,3.2,12.0,8.0,2.3,503,57,431,56,432,59,487,59
770,Fulham,MID,Seth,Ridgeon,Ridgeon,,2025-10-27,2008-09-12,0,0,0,0,0,0,0,0,0,0,0,0,0,0,0,0,0,0,0,0.00,0.00,0.00,0.00,0.0,771,329,0.0,0.0,0.0,0.0,0.0,0.0,0.0,0.0,0.0,0.0,0.0,0.0,0.0,771,329,764,328,751,325,771,329
786,Fulham,GKP,Alfie,McNally,McNally,,2026-01-03,2004-12-22,0,0,0,0,0,0,0,0,0,0,0,0,0,0,0,0,0,0,0,0.00,0.00,0.00,0.00,0.0,623,83,0.0,0.0,0.0,0.0,0.0,0.0,0.0,0.0,0.0,0.0,0.0,0.0,0.0,613,83,604,72,573,57,616,83
168,Leeds,MID,Facundo,Buonanotte,Buonanotte,,2026-01-15,2004-12-23,3,0,9,81,1,0,0,0,4,0,0,0,1,0,0,2,3,1,6,0.06,0.28,0.34,2.51,0.8,532,246,0.0,4.44,1.11,0.0,6.67,0.07,0.31,0.38,2.79,13.2,40.0,21.0,7.4,471,209,384,196,402,201,452,202
339,Leeds,GKP,Illan,Meslier,Meslier,,2020-07-27,2000-03-02,0,0,0,0,0,0,0,0,0,0,0,0,0,0,0,0,0,0,0,0.00,0.00,0.00,0.00,0.0,656,90,0.0,0.0,0.0,0.0,0.0,0.0,0.0,0.0,0.0,0.0,0.0,0.0,0.0,646,90,638,80,609,65,649,90
340,Leeds,GKP,Alex,Cairns,Cairns,,2024-07-08,1993-01-04,0,0,0,0,0,0,0,0,0,0,0,0,0,0,0,0,0,0,0,0.00,0.00,0.00,0.00,0.0,564,49,0.0,0.0,0.0,0.0,0.0,0.0,0.0,0.0,0.0,0.0,0.0,0.0,0.0,553,49,536,30,505,15,556,49
341,Leeds,GKP,Karl,Darlow,Darlow,,2023-07-29,1990-10-08,71,3,334,1980,22,0,0,5,27,0,0,0,1,0,63,30,202,1,0,0.00,0.05,0.05,28.36,3.2,156,19,2.86,1.23,1.0,0.23,0.0,0.0,0.0,0.0,1.29,531.4,0.0,0.0,53.4,118,18,567,51,536,36,290,18
342,Leeds,DEF,Jayden,Bogle,Bogle,,2024-07-20,2000-07-27,96,1,311,2795,32,1,5,6,44,0,0,0,6,0,0,112,133,66,178,2.08,3.11,5.19,39.93,2.8,218,86,0.0,1.42,1.03,0.19,5.73,0.07,0.1,0.17,1.29,436.0,346.1,218.0,100.3,161,66,120,31,168,37,147,44
343,Leeds,DEF,Pascal,Struijk,Struijk,,2018-04-12,1999-08-11,108,4,412,2935,33,0,1,7,48,0,0,0,5,0,0,258,117,39,297,3.06,0.76,3.82,42.92,3.2,160,58,0.0,1.47,1.01,0.21,9.11,0.09,0.02,0.11,1.32,697.4,161.5,272.0,113.1,52,22,234,59,130,24,116,32
344,Leeds,DEF,Jaka,Bijol,Bijol,,2025-06-23,1999-02-05,99,6,323,1888,21,1,3,5,26,0,0,0,4,0,0,194,63,25,219,0.90,0.75,1.65,31.48,4.0,54,18,0.0,1.24,1.0,0.24,10.44,0.04,0.04,0.08,1.5,531.8,84.5,243.0,86.0,117,54,315,103,144,28,184,63
345,Leeds,DEF,Sebastiaan,Bornauw,Bornauw,,2025-07-01,1999-03-22,25,0,73,429,5,0,0,2,5,0,0,0,1,0,0,41,13,8,49,0.20,0.01,0.21,8.71,2.1,331,124,0.0,1.05,1.05,0.42,10.28,0.04,0.0,0.04,1.83,98.6,6.3,19.0,12.2,394,148,459,166,407,147,425,154
346,Leeds,DEF,Sam,Byram,Byram,,2023-08-05,1993-09-16,2,0,1,8,0,0,0,0,1,0,0,0,0,0,0,2,1,1,3,0.00,0.00,0.00,1.01,1.0,462,164,0.0,11.25,0.0,0.0,33.75,0.0,0.0,0.0,11.36,5.4,0.0,0.0,0.5,493,178,505,180,472,174,512,179
347,Leeds,DEF,Gabriel,Gudmundsson,Gudmundsson,,2025-07-08,1999-04-29,68,8,286,2637,31,0,0,5,45,1,0,0,4,1,0,119,112,65,184,1.10,2.89,3.98,41.06,2.1,330,123,0.0,1.54,1.06,0.17,6.28,0.04,0.1,0.14,1.4,442.6,363.7,158.0,96.4,156,65,108,28,228,59,160,54
348,Leeds,DEF,Joe,Rodon,Rodon,,2024-07-02,1997-10-22,109,5,373,2952,33,2,0,6,53,0,0,0,3,0,0,237,85,37,274,1.40,0.56,1.96,48.54,3.1,175,66,0.0,1.62,1.01,0.18,8.35,0.04,0.02,0.06,1.48,707.2,137.3,242.0,109.1,50,21,262,69,147,29,124,35
349,Leeds,DEF,Isaac,Schmidt,Schmidt,,2024-08-30,1999-12-07,0,0,0,0,0,0,0,0,0,0,0,0,0,0,0,0,0,0,0,0.00,0.00,0.00,0.00,0.0,617,223,0.0,0.0,0.0,0.0,0.0,0.0,0.0,0.0,0.0,0.0,0.0,0.0,0.0,606,223,597,222,566,218,609,223
350,Leeds,MID,Brenden,Aaronson,Aaronson,,2022-07-01,2000-10-22,126,5,446,2449,30,4,8,9,32,0,0,0,3,0,0,36,130,50,216,4.53,3.60,8.13,37.07,3.4,136,58,0.0,1.18,1.1,0.33,7.94,0.17,0.13,0.3,1.36,482.8,486.7,498.0,146.7,138,48,61,50,55,31,61,39
351,Leeds,MID,Wilfried,Gnonto,Gnonto,,2022-09-01,2003-11-05,32,0,134,521,4,0,3,1,14,0,0,0,3,0,0,15,26,18,59,0.40,0.77,1.17,11.99,1.4,437,190,0.0,2.42,0.69,0.17,10.19,0.07,0.13,0.2,2.07,85.2,129.3,61.0,27.5,403,177,273,166,336,175,375,176
352,Leeds,MID,Jack,Harrison,Harrison,,2021-07-02,1996-11-20,12,0,51,262,1,0,0,0,5,0,0,0,0,0,0,6,13,5,24,0.28,0.23,0.51,3.82,1.1,461,205,0.0,1.72,0.34,0.0,8.24,0.1,0.08,0.18,1.31,30.0,49.4,35.0,11.5,451,199,370,191,372,189,428,192
353,Leeds,MID,Daniel,James,James,,2021-08-31,1997-11-10,23,0,93,547,6,0,0,1,16,0,0,0,0,0,0,9,19,7,35,0.91,0.71,1.62,14.39,1.2,454,202,0.0,2.63,0.99,0.16,5.76,0.15,0.12,0.27,2.37,70.8,133.1,133.0,33.9,413,180,268,164,248,138,357,171
354,Leeds,MID,Ethan,Ampadu,Ampadu,,2023-07-19,2000-09-14,134,11,586,3119,35,1,4,8,49,0,0,0,10,0,0,151,184,81,416,2.47,2.20,4.67,48.66,3.8,79,37,0.0,1.41,1.01,0.23,12.0,0.07,0.06,0.13,1.4,592.2,384.8,166.0,114.7,87,28,100,71,219,118,111,62
355,Leeds,MID,Sam,Greenwood,Greenwood,,2021-01-09,2002-01-26,0,0,0,0,0,0,0,0,0,0,0,0,0,0,0,0,0,0,0,0.00,0.00,0.00,0.00,0.0,793,344,0.0,0.0,0.0,0.0,0.0,0.0,0.0,0.0,0.0,0.0,0.0,0.0,0.0,793,344,789,344,786,343,793,344
356,Leeds,MID,Ilia,Gruev,Gruev,,2023-08-31,2000-05-06,56,3,245,1318,15,0,4,5,23,0,0,0,3,0,0,40,51,23,114,0.49,0.86,1.35,25.27,2.4,291,118,0.0,1.57,1.02,0.34,7.78,0.03,0.06,0.09,1.73,199.4,171.0,64.0,43.2,312,135,230,149,331,171,329,156
357,Leeds,MID,Largie,Ramazani,Ramazani,,2024-08-22,2001-02-27,0,0,0,0,0,0,0,0,0,0,0,0,0,0,0,0,0,0,0,0.00,0.00,0.00,0.00,0.0,795,346,0.0,0.0,0.0,0.0,0.0,0.0,0.0,0.0,0.0,0.0,0.0,0.0,0.0,795,346,791,346,788,345,795,346
358,Leeds,MID,Tanaka,Ao,Tanaka,,2024-08-30,1998-09-10,67,4,288,1307,14,2,1,3,22,0,0,0,1,0,0,38,82,27,147,1.44,1.39,2.83,21.49,2.4,293,120,0.0,1.51,0.96,0.21,10.12,0.1,0.1,0.2,1.48,224.2,307.6,104.0,63.6,291,124,140,94,280,150,256,128
359,Leeds,MID,Charlie,Crew,Crew,,2024-03-28,2006-06-15,0,0,0,0,0,0,0,0,0,0,0,0,0,0,0,0,0,0,0,0.00,0.00,0.00,0.00,0.0,733,297,0.0,0.0,0.0,0.0,0.0,0.0,0.0,0.0,0.0,0.0,0.0,0.0,0.0,728,293,723,294,706,288,729,294
360,Leeds,MID,Joe,Gelhardt,Gelhardt,,2021-02-07,2002-05-04,0,0,0,0,0,0,0,0,0,0,0,0,0,0,0,0,0,0,0,0.00,0.00,0.00,0.00,0.0,722,286,0.0,0.0,0.0,0.0,0.0,0.0,0.0,0.0,0.0,0.0,0.0,0.0,0.0,716,281,712,283,695,277,718,283
361,Leeds,MID,Darko,Gyabi,Gyabi,,2022-07-04,2004-02-18,0,0,0,0,0,0,0,0,0,0,0,0,0,0,0,0,0,0,0,0.00,0.00,0.00,0.00,0.0,723,287,0.0,0.0,0.0,0.0,0.0,0.0,0.0,0.0,0.0,0.0,0.0,0.0,0.0,717,282,713,284,696,278,719,284
362,Leeds,FWD,Joël,Piroe,Piroe,,2023-08-24,1999-08-02,17,0,42,244,2,0,0,1,9,0,0,0,0,0,0,2,10,2,14,0.90,0.13,1.03,6.81,1.1,459,55,0.0,3.32,0.74,0.37,5.16,0.33,0.05,0.38,2.51,13.6,38.1,120.0,16.5,470,54,386,51,263,49,410,52
363,Leeds,FWD,Patrick,Bamford,Bamford,,2018-07-31,1993-09-05,0,0,0,0,0,0,0,0,0,0,0,0,0,0,0,0,0,0,0,0.00,0.00,0.00,0.00,0.0,788,88,0.0,0.0,0.0,0.0,0.0,0.0,0.0,0.0,0.0,0.0,0.0,0.0,0.0,788,88,784,87,781,87,788,88
364,Leeds,FWD,Mateo,Joseph Fernández-Regatillo,Mateo Joseph,,2022-11-04,2003-10-19,0,0,0,0,0,0,0,0,0,0,0,0,0,0,0,0,0,0,0,0.00,0.00,0.00,0.00,0.0,814,91,0.0,0.0,0.0,0.0,0.0,0.0,0.0,0.0,0.0,0.0,0.0,0.0,0.0,814,91,813,91,810,91,814,91
365,Leeds,FWD,Lukas,Nmecha,Nmecha,,2025-07-01,1998-12-14,73,8,268,1065,10,6,1,3,23,0,0,1,0,0,0,15,30,12,57,7.25,1.58,8.83,21.84,2.4,297,32,0.0,1.94,0.85,0.25,4.82,0.61,0.13,0.74,1.85,290.4,153.5,434.0,87.8,252,24,248,29,67,26,177,27
493,Leeds,MID,Sean,Longstaff,Longstaff,,2025-07-18,1997-10-30,56,5,273,1003,10,2,2,1,20,0,0,0,2,0,0,29,43,38,110,1.23,1.87,3.10,15.88,2.4,292,119,0.0,1.79,0.9,0.09,9.87,0.11,0.17,0.28,1.42,291.8,403.7,116.0,81.2,248,106,87,63,269,146,200,95
660,Leeds,MID,Anton,Stach,Stach,,2025-07-22,1998-11-15,137,14,550,2369,28,5,6,7,36,0,0,0,3,0,0,81,120,65,266,2.88,4.47,7.35,34.05,4.7,19,9,0.0,1.37,1.06,0.27,10.11,0.11,0.17,0.28,1.29,650.0,921.4,315.0,188.8,67,19,8,8,104,62,29,23
665,Leeds,GKP,Lucas Estella,Perri,Perri,Lucas Perri,2025-07-26,1997-12-10,43,3,153,1440,16,0,0,3,29,0,0,0,2,0,38,16,100,0,0,0.00,0.00,0.00,26.68,2.7,237,27,2.38,1.81,1.0,0.19,0.0,0.0,0.0,0.0,1.67,322.4,0.0,0.0,32.2,232,22,670,87,649,77,363,22
691,Leeds,FWD,Dominic,Calvert-Lewin,Calvert-Lewin,,2025-08-15,1997-03-16,142,20,472,2721,30,14,2,8,34,0,0,1,3,0,0,49,46,10,105,15.57,1.06,16.62,35.74,4.1,52,7,0.0,1.12,0.99,0.26,3.47,0.51,0.04,0.55,1.18,619.6,311.1,1026.0,194.7,75,6,137,10,5,4,28,6
698,Leeds,MID,Noah,Okafor,Okafor,,2025-08-21,2000-05-24,109,11,354,1553,19,8,3,6,26,0,0,0,3,0,0,29,61,23,113,5.25,1.32,6.57,24.54,3.9,74,34,0.0,1.51,1.1,0.35,6.55,0.3,0.08,0.38,1.42,438.8,275.0,435.0,115.0,157,55,157,103,65,38,109,61
706,Leeds,DEF,James,Justin,Justin,,2025-08-25,1998-02-23,94,9,338,1893,21,2,1,6,26,0,0,0,4,0,0,128,70,55,183,1.83,1.16,2.99,33.01,3.2,157,55,0.0,1.24,1.0,0.29,8.7,0.09,0.06,0.15,1.57,469.8,190.9,220.0,88.3,144,59,217,53,164,36,176,58
741,Leeds,FWD,Harry,Gray,Gray,,2025-04-20,2008-10-08,0,0,0,0,0,0,0,0,0,0,0,0,0,0,0,0,0,0,0,0.00,0.00,0.00,0.00,0.0,762,82,0.0,0.0,0.0,0.0,0.0,0.0,0.0,0.0,0.0,0.0,0.0,0.0,0.0,761,82,754,81,741,81,761,82
787,Leeds,MID,Sam,Chambers,Chambers,,2024-08-22,2007-08-18,0,0,0,0,0,0,0,0,0,0,0,0,0,0,0,0,0,0,0,0.00,0.00,0.00,0.00,0.0,698,271,0.0,0.0,0.0,0.0,0.0,0.0,0.0,0.0,0.0,0.0,0.0,0.0,0.0,691,265,686,267,667,260,693,267
837,Leeds,DEF,Jayden,Lienou,Lienou,,2026-05-10,2008-04-08,0,0,0,0,0,0,0,0,0,0,0,0,0,0,0,0,0,0,0,0.00,0.00,0.00,0.00,0.0,652,249,0.0,0.0,0.0,0.0,0.0,0.0,0.0,0.0,0.0,0.0,0.0,0.0,0.0,642,250,634,249,605,247,645,250
838,Leeds,MID,Rhys,Chadwick,Chadwick,,2025-07-18,2007-02-19,0,0,0,0,0,0,0,0,0,0,0,0,0,0,0,0,0,0,0,0.00,0.00,0.00,0.00,0.0,753,313,0.0,0.0,0.0,0.0,0.0,0.0,0.0,0.0,0.0,0.0,0.0,0.0,0.0,751,312,744,311,731,308,751,312
839,Leeds,MID,Alfie,Cresswell,Cresswell,,2026-05-16,2007-07-15,0,0,0,0,0,0,0,0,0,0,0,0,0,0,0,0,0,0,0,0.00,0.00,0.00,0.00,0.0,760,320,0.0,0.0,0.0,0.0,0.0,0.0,0.0,0.0,0.0,0.0,0.0,0.0,0.0,758,319,751,318,738,315,758,319
366,Liverpool,GKP,Alisson,Becker,A.Becker,Alisson Becker,2018-07-19,1992-10-02,91,8,389,2340,26,0,0,8,31,0,0,0,1,0,57,37,229,0,0,0.00,0.03,0.03,29.58,3.5,119,13,2.19,1.19,1.0,0.31,0.0,0.0,0.0,0.0,1.14,479.8,0.1,0.0,47.8,139,20,504,19,819,96,312,20
367,Liverpool,GKP,Giorgi,Mamardashvili,Mamardashvili,,2024-08-27,2000-09-29,34,2,139,867,10,0,0,2,18,0,1,0,0,0,34,10,76,1,0,0.00,0.00,0.00,13.29,3.4,123,14,3.53,1.87,1.04,0.21,0.0,0.0,0.0,0.0,1.38,275.6,0.0,0.0,27.5,263,24,639,81,610,66,374,24
368,Liverpool,GKP,Ármin,Pécsi,Pécsi,,2025-06-07,2005-02-24,0,0,0,0,0,0,0,0,0,0,0,0,0,0,0,0,0,0,0,0.00,0.00,0.00,0.00,0.0,557,44,0.0,0.0,0.0,0.0,0.0,0.0,0.0,0.0,0.0,0.0,0.0,0.0,0.0,546,44,528,24,497,9,549,44
369,Liverpool,GKP,Freddie,Woodman,Woodman,,2025-07-01,1997-03-04,6,0,34,212,2,0,0,0,4,0,0,0,0,0,9,4,22,0,0,0.00,0.00,0.00,4.76,2.0,342,34,3.82,1.7,0.85,0.0,0.0,0.0,0.0,0.0,2.02,83.8,0.0,0.0,8.4,404,30,539,33,508,18,444,31
370,Liverpool,DEF,Jeremie,Frimpong,Frimpong,,2025-06-01,2000-12-10,63,1,237,1032,12,0,5,5,13,0,0,0,1,0,0,19,52,11,30,0.50,1.55,2.05,12.97,3.0,201,79,0.0,1.13,1.05,0.44,2.62,0.04,0.14,0.18,1.13,133.2,244.6,186.0,56.5,364,134,168,43,200,52,281,89
371,Liverpool,DEF,Milos,Kerkez,Kerkez,,2025-06-26,2003-11-07,85,4,357,2251,27,2,1,6,37,0,0,0,4,0,0,93,88,41,134,1.50,0.69,2.19,30.10,2.5,277,108,0.0,1.48,1.08,0.24,5.36,0.06,0.03,0.09,1.2,434.6,415.8,141.0,99.4,163,67,81,20,239,62,151,48
372,Liverpool,DEF,Andrew,Robertson,Robertson,,2017-07-21,1994-03-11,55,4,216,1165,11,1,0,4,16,0,0,0,0,0,0,43,40,12,55,1.10,1.40,2.49,17.44,2.3,310,118,0.0,1.24,0.85,0.31,4.25,0.08,0.11,0.19,1.35,239.8,318.8,121.0,68.2,282,112,133,34,262,70,243,83
373,Liverpool,DEF,Virgil,van Dijk,Virgil,,2018-01-01,1991-07-08,175,10,593,3420,38,6,1,10,53,0,0,0,4,0,0,329,87,23,352,3.77,1.44,5.21,47.63,4.6,26,9,0.0,1.39,1.0,0.26,9.26,0.1,0.04,0.14,1.25,1169.4,215.9,490.0,187.6,3,1,189,48,56,2,30,1
374,Liverpool,DEF,Ibrahima,Konaté,Konaté,,2021-07-01,1999-05-25,129,8,532,3090,36,1,0,10,45,0,0,0,7,0,0,240,118,53,293,1.19,0.98,2.17,40.66,3.6,104,39,0.0,1.31,1.05,0.29,8.53,0.03,0.03,0.06,1.18,779.2,160.5,119.0,106.1,35,13,236,60,266,73,133,41
375,Liverpool,DEF,Conor,Bradley,Bradley,,2023-09-25,2003-07-09,42,2,157,928,12,0,2,4,13,0,0,0,5,0,0,46,43,19,65,0.18,0.84,1.02,10.77,2.8,222,90,0.0,1.26,1.16,0.39,6.3,0.02,0.08,0.1,1.04,157.4,105.2,62.0,32.3,343,129,297,94,334,108,362,124
376,Liverpool,DEF,Joe,Gomez,Gomez,,2015-06-20,1997-05-23,33,2,94,594,7,0,2,2,14,0,0,0,4,0,0,36,20,10,46,0.28,0.64,0.92,9.31,1.6,414,152,0.0,2.12,1.06,0.3,6.97,0.04,0.1,0.14,1.41,122.8,77.8,31.0,23.2,372,140,331,111,377,129,388,135
377,Liverpool,DEF,Konstantinos,Tsimikas,Tsimikas,,2020-08-10,1996-05-12,0,0,0,0,0,0,0,0,0,0,0,0,0,0,0,0,0,0,0,0.00,0.00,0.00,0.00,0.0,787,265,0.0,0.0,0.0,0.0,0.0,0.0,0.0,0.0,0.0,0.0,0.0,0.0,0.0,787,265,783,265,776,265,787,265
378,Liverpool,DEF,Amara,Nallo,Nallo,,2024-02-27,2006-11-18,0,0,0,0,0,0,0,0,0,0,0,0,0,0,0,0,0,0,0,0.00,0.00,0.00,0.00,0.0,541,187,0.0,0.0,0.0,0.0,0.0,0.0,0.0,0.0,0.0,0.0,0.0,0.0,0.0,530,187,511,186,479,181,533,187
379,Liverpool,DEF,Rhys,Williams,R.Williams,,2020-09-23,2001-02-03,0,0,0,0,0,0,0,0,0,0,0,0,0,0,0,0,0,0,0,0.00,0.00,0.00,0.00,0.0,537,183,0.0,0.0,0.0,0.0,0.0,0.0,0.0,0.0,0.0,0.0,0.0,0.0,0.0,526,183,506,181,473,175,529,183
380,Liverpool,DEF,Calvin,Ramsay,Ramsay,,2022-06-19,2003-07-31,0,0,0,0,0,0,0,0,0,0,0,0,0,0,0,0,0,0,0,0.00,0.00,0.00,0.00,0.0,538,184,0.0,0.0,0.0,0.0,0.0,0.0,0.0,0.0,0.0,0.0,0.0,0.0,0.0,527,184,507,182,475,177,530,184
381,Liverpool,MID,Mohamed,Salah,M.Salah,Mohamed Salah,2017-07-01,1992-06-15,123,11,392,2144,23,7,7,7,35,0,0,0,1,0,0,11,81,17,109,8.23,5.44,13.67,30.94,4.6,28,13,0.0,1.47,0.97,0.29,4.58,0.35,0.23,0.58,1.3,524.8,740.7,805.0,207.1,124,39,21,20,16,8,21,16
382,Liverpool,MID,Florian,Wirtz,Wirtz,,2025-06-20,2003-05-03,125,17,521,2374,27,5,4,10,32,0,0,0,1,0,0,26,116,34,176,6.83,5.14,11.96,33.99,3.8,86,42,0.0,1.21,1.02,0.38,6.67,0.26,0.19,0.45,1.29,526.4,908.2,665.0,210.0,121,38,10,10,28,13,17,12
383,Liverpool,MID,Luis,Díaz Marulanda,Luis Díaz,,2022-01-30,1997-01-13,0,0,0,0,0,0,0,0,0,0,0,0,0,0,0,0,0,0,0,0.00,0.00,0.00,0.00,0.0,840,378,0.0,0.0,0.0,0.0,0.0,0.0,0.0,0.0,0.0,0.0,0.0,0.0,0.0,840,378,840,378,840,378,840,378
384,Liverpool,MID,Cody,Gakpo,Gakpo,,2023-01-01,1999-05-07,131,5,449,2736,32,7,5,10,39,0,0,0,3,0,0,37,87,28,152,8.35,4.67,13.02,34.94,3.6,108,49,0.0,1.28,1.05,0.33,5.0,0.27,0.15,0.42,1.15,540.4,714.7,831.0,208.4,109,32,25,24,10,5,19,14
385,Liverpool,MID,Federico,Chiesa,Chiesa,,2024-08-29,1997-10-25,37,0,135,317,1,2,1,0,9,0,0,0,3,0,0,13,9,8,30,1.45,0.61,2.06,6.50,1.4,439,192,0.0,2.56,0.28,0.0,8.52,0.41,0.17,0.58,1.85,122.0,47.5,182.0,34.9,373,167,373,192,208,109,352,169
386,Liverpool,MID,Alexis,Mac Allister,Mac Allister,,2023-06-14,1998-12-24,108,9,490,2654,31,2,5,7,41,0,0,0,7,0,0,64,112,53,229,3.89,1.69,5.58,36.97,2.9,213,83,0.0,1.39,1.05,0.24,7.77,0.13,0.06,0.19,1.25,475.4,562.2,365.0,139.9,143,51,45,39,86,51,70,44
387,Liverpool,MID,Dominik,Szoboszlai,Szoboszlai,,2023-07-02,2000-10-25,160,21,780,3232,36,6,7,9,52,0,0,1,8,1,0,96,186,56,338,4.76,6.83,11.59,45.63,4.4,39,17,0.0,1.45,1.0,0.25,9.41,0.13,0.19,0.32,1.27,867.8,1324.6,417.0,260.9,20,6,2,2,71,41,4,3
388,Liverpool,MID,Curtis,Jones,C.Jones,,2018-04-06,2001-01-30,81,6,447,1923,18,1,3,3,37,0,0,0,2,0,0,53,144,40,237,2.21,2.77,4.98,31.44,2.4,299,125,0.0,1.73,0.84,0.14,11.09,0.1,0.13,0.23,1.47,407.4,412.1,227.0,104.6,178,68,84,60,159,88,137,74
390,Liverpool,MID,Ryan,Gravenberch,Gravenberch,,2023-09-01,2002-05-16,144,17,671,2991,34,5,5,9,42,0,0,0,5,0,0,112,127,59,298,1.89,2.26,4.15,38.41,4.0,61,28,0.0,1.26,1.02,0.27,8.97,0.06,0.07,0.13,1.16,687.0,497.2,220.0,140.1,55,14,58,49,166,91,68,43
392,Liverpool,MID,Endo,Wataru,Endo,,2023-08-18,1993-02-09,12,0,49,170,1,0,1,1,5,0,0,0,1,0,0,13,3,7,23,0.04,0.05,0.09,4.11,1.5,424,183,0.0,2.65,0.53,0.53,12.18,0.02,0.03,0.05,2.18,56.0,18.1,6.0,8.0,428,183,418,205,441,213,447,201
393,Liverpool,MID,Stefan,Bajčetić Maquieira,Bajcetic,,2022-07-11,2004-10-22,0,0,0,0,0,0,0,0,0,0,0,0,0,0,0,0,0,0,0,0.00,0.00,0.00,0.00,0.0,663,249,0.0,0.0,0.0,0.0,0.0,0.0,0.0,0.0,0.0,0.0,0.0,0.0,0.0,653,240,647,244,623,232,656,242
394,Liverpool,MID,James,McConnell,McConnell,,2023-07-18,2004-09-13,0,0,0,0,0,0,0,0,0,0,0,0,0,0,0,0,0,0,0,0.00,0.00,0.00,0.00,0.0,689,265,0.0,0.0,0.0,0.0,0.0,0.0,0.0,0.0,0.0,0.0,0.0,0.0,0.0,681,258,677,261,656,252,683,260
395,Liverpool,MID,Tyler,Morton,Morton,,2021-07-22,2002-10-31,0,0,0,0,0,0,0,0,0,0,0,0,0,0,0,0,0,0,0,0.00,0.00,0.00,0.00,0.0,715,280,0.0,0.0,0.0,0.0,0.0,0.0,0.0,0.0,0.0,0.0,0.0,0.0,0.0,709,275,705,277,688,271,711,277
396,Liverpool,MID,Trey,Nyoni,Nyoni,,2023-11-11,2007-06-30,6,0,11,21,0,0,0,0,1,0,0,0,0,0,0,0,4,1,5,0.37,0.02,0.39,0.85,1.0,481,210,0.0,4.29,0.0,0.0,21.43,1.59,0.09,1.68,3.64,4.2,13.4,4.0,2.1,496,223,428,210,445,216,488,219
397,Liverpool,FWD,Darwin,Núñez Ribeiro,Darwin,,2022-06-14,1999-06-24,0,0,0,0,0,0,0,0,0,0,0,0,0,0,0,0,0,0,0,0.00,0.00,0.00,0.00,0.0,837,94,0.0,0.0,0.0,0.0,0.0,0.0,0.0,0.0,0.0,0.0,0.0,0.0,0.0,837,94,837,94,837,94,837,94
398,Liverpool,FWD,Jayden,Danns,Danns,,2024-02-20,2006-01-16,0,0,0,0,0,0,0,0,0,0,0,0,0,0,0,0,0,0,0,0.00,0.00,0.00,0.00,0.0,671,70,0.0,0.0,0.0,0.0,0.0,0.0,0.0,0.0,0.0,0.0,0.0,0.0,0.0,660,68,655,67,633,67,663,69
499,Liverpool,FWD,Alexander,Isak,Isak,,2025-09-01,1999-09-21,41,4,140,694,8,3,1,1,9,0,0,0,0,0,0,10,13,7,30,2.59,0.08,2.67,8.38,2.9,215,23,0.0,1.17,1.04,0.13,3.89,0.34,0.01,0.35,1.09,146.4,39.2,191.0,36.9,350,36,385,50,195,43,345,45
661,Liverpool,FWD,Hugo,Ekitiké,Ekitiké,,2025-07-23,2002-06-20,125,22,433,1797,21,11,4,7,25,0,0,0,0,0,0,32,42,11,85,10.10,2.45,12.55,26.11,4.5,33,6,0.0,1.25,1.05,0.35,4.26,0.51,0.12,0.63,1.31,525.8,307.2,739.0,156.2,123,12,141,12,23,13,53,10
686,Liverpool,MID,Rio,Ngumoha,Ngumoha,,2024-12-17,2008-08-29,43,4,188,547,5,2,1,2,12,0,0,0,0,0,0,7,19,4,30,1.34,2.01,3.35,8.92,2.3,306,127,0.0,1.97,0.82,0.33,4.94,0.22,0.33,0.55,1.47,176.0,222.8,203.0,60.1,327,145,183,120,182,98,268,133
692,Liverpool,DEF,Giovanni,Leoni,Leoni,,2025-08-15,2006-12-21,0,0,0,0,0,0,0,0,0,0,0,0,0,0,0,0,0,0,0,0.00,0.00,0.00,0.00,0.0,805,266,0.0,0.0,0.0,0.0,0.0,0.0,0.0,0.0,0.0,0.0,0.0,0.0,0.0,805,266,801,266,798,266,805,266
746,Liverpool,MID,Kieran,Morrison,Morrison,,2025-01-29,2006-11-09,0,0,0,0,0,0,0,0,0,0,0,0,0,0,0,0,0,0,0,0.00,0.00,0.00,0.00,0.0,761,321,0.0,0.0,0.0,0.0,0.0,0.0,0.0,0.0,0.0,0.0,0.0,0.0,0.0,760,320,753,319,740,316,760,320
760,Liverpool,DEF,Wellity,Lucky,Lucky,,2025-08-01,2006-01-12,0,0,0,0,0,0,0,0,0,0,0,0,0,0,0,0,0,0,0,0.00,0.00,0.00,0.00,0.0,627,228,0.0,0.0,0.0,0.0,0.0,0.0,0.0,0.0,0.0,0.0,0.0,0.0,0.0,617,229,609,228,578,224,620,229
830,Liverpool,FWD,Will,Wright,Wright,,2025-08-04,2008-01-01,0,0,0,0,0,0,0,0,0,0,0,0,0,0,0,0,0,0,0,0.00,0.00,0.00,0.00,0.0,780,86,0.0,0.0,0.0,0.0,0.0,0.0,0.0,0.0,0.0,0.0,0.0,0.0,0.0,780,86,773,85,761,85,780,86
832,Liverpool,DEF,Talla,Ndiaye,Ndiaye,Talla Ndiaye,2026-04-02,2008-01-06,0,0,0,0,0,0,0,0,0,0,0,0,0,0,0,0,0,0,0,0.00,0.00,0.00,0.00,0.0,655,252,0.0,0.0,0.0,0.0,0.0,0.0,0.0,0.0,0.0,0.0,0.0,0.0,0.0,645,253,637,252,608,250,648,253
82,Man City,MID,Antoine,Semenyo,Semenyo,,2026-01-09,2000-01-07,202,18,678,3200,37,17,6,12,52,0,0,1,7,0,0,49,142,45,236,11.10,3.12,14.21,47.67,5.5,5,2,0.0,1.46,1.04,0.34,6.64,0.31,0.09,0.4,1.34,923.2,607.4,1047.0,257.7,10,2,36,33,4,1,5,4
182,Man City,GKP,James,Trafford,Trafford,,2025-07-29,2002-10-10,13,0,67,360,4,0,0,1,6,0,0,0,0,0,14,6,35,2,0,0.00,0.00,0.00,5.74,3.2,163,20,3.5,1.5,1.0,0.25,0.0,0.0,0.0,0.0,1.44,118.0,0.0,0.0,11.9,377,28,703,90,686,80,427,28
260,Man City,DEF,Marc,Guéhi,Guéhi,,2026-01-19,2000-07-13,179,14,688,3150,35,3,5,14,35,0,0,0,6,0,0,232,139,46,278,4.05,2.37,6.42,44.58,5.1,8,2,0.0,1.0,1.0,0.4,7.94,0.12,0.07,0.19,1.27,901.6,304.6,402.0,160.9,14,5,146,37,78,6,49,8
399,Man City,GKP,Ederson,Santana de Moraes,Ederson M.,,2017-07-01,1993-08-17,0,0,0,0,0,0,0,0,0,0,0,0,0,0,0,0,0,0,0,0.00,0.00,0.00,0.00,0.0,819,97,0.0,0.0,0.0,0.0,0.0,0.0,0.0,0.0,0.0,0.0,0.0,0.0,0.0,819,97,819,97,817,95,819,97
401,Man City,GKP,Marcus,Bettinelli,Bettinelli,,2025-06-10,1992-05-24,0,0,0,0,0,0,0,0,0,0,0,0,0,0,0,0,0,0,0,0.00,0.00,0.00,0.00,0.0,544,42,0.0,0.0,0.0,0.0,0.0,0.0,0.0,0.0,0.0,0.0,0.0,0.0,0.0,533,42,514,21,482,6,536,42
402,Man City,DEF,Rayan,Aït-Nouri,Aït-Nouri,,2025-06-09,2001-06-06,60,9,237,971,12,0,2,5,8,0,0,0,2,0,0,32,49,35,67,0.53,2.01,2.54,12.25,3.5,122,46,0.0,0.74,1.11,0.46,6.21,0.05,0.19,0.24,1.14,195.6,216.4,90.0,50.2,314,122,188,47,301,90,303,99
403,Man City,DEF,Joško,Gvardiol,Gvardiol,,2023-08-05,2002-01-23,79,5,303,1370,16,2,2,6,13,0,0,0,2,0,0,86,49,17,103,2.25,0.70,2.95,16.05,4.4,35,12,0.0,0.85,1.05,0.39,6.77,0.15,0.05,0.2,1.05,369.0,109.5,218.0,69.8,202,86,290,90,170,39,239,82
404,Man City,DEF,Manuel,Akanji,Akanji,,2022-09-01,1995-07-19,0,0,0,0,0,0,0,0,0,0,0,0,0,0,0,0,0,0,0,0.00,0.00,0.00,0.00,0.0,822,269,0.0,0.0,0.0,0.0,0.0,0.0,0.0,0.0,0.0,0.0,0.0,0.0,0.0,822,269,822,269,821,269,822,269
405,Man City,DEF,Nathan,Aké,Aké,,2020-08-05,1995-02-18,36,1,151,686,6,0,0,3,9,0,0,0,1,0,0,37,17,9,46,0.72,0.53,1.25,9.85,2.0,356,131,0.0,1.18,0.79,0.39,6.03,0.09,0.07,0.16,1.29,132.4,111.7,78.0,32.4,368,138,288,88,313,98,361,123
406,Man City,DEF,Abdukodir,Khusanov,Khusanov,,2025-01-20,2004-02-29,67,3,293,1427,15,0,0,6,13,0,0,0,2,0,0,96,75,27,123,0.65,1.21,1.86,20.89,3.2,172,65,0.0,0.82,0.95,0.38,7.76,0.04,0.08,0.12,1.32,299.0,112.2,26.0,43.9,246,96,287,87,390,139,327,111
407,Man City,DEF,Matheus,Nunes,Matheus N.,Matheus Nunes,2023-09-01,1998-08-27,154,16,676,2861,32,1,8,12,28,0,0,0,5,0,0,138,166,57,195,0.34,2.23,2.57,34.89,4.5,29,10,0.0,0.88,1.01,0.38,6.13,0.01,0.07,0.08,1.1,696.0,545.0,131.0,137.6,53,23,49,6,250,64,76,14
408,Man City,DEF,Rúben,dos Santos Gato Alves Dias,Rúben,Rúben Dias,2020-09-29,1997-05-14,113,4,453,2139,24,2,0,12,22,0,0,0,3,0,0,154,74,13,167,0.57,0.65,1.22,26.07,4.3,42,15,0.0,0.93,1.01,0.5,7.03,0.02,0.03,0.05,1.1,560.8,152.2,96.0,81.0,100,44,251,64,293,88,201,70
409,Man City,DEF,John,Stones,Stones,,2016-08-09,1994-05-28,16,0,55,436,5,0,0,1,10,0,0,0,0,0,0,29,19,1,30,0.00,0.09,0.09,6.62,1.8,388,141,0.0,2.06,1.03,0.21,6.19,0.0,0.02,0.02,1.37,101.8,24.4,4.0,13.0,391,145,405,146,451,168,419,151
410,Man City,DEF,Rico,Lewis,Lewis,,2022-07-16,2004-11-21,19,2,72,401,4,0,1,1,7,0,0,0,2,0,0,14,15,5,19,0.19,1.39,1.58,6.81,1.7,399,147,0.0,1.57,0.9,0.22,4.26,0.04,0.31,0.35,1.53,70.8,112.5,55.0,23.8,412,154,286,86,342,112,386,134
411,Man City,DEF,Nico,O'Reilly,O'Reilly,,2022-12-16,2005-03-21,160,10,567,2643,29,5,4,14,25,0,0,0,5,0,0,105,108,67,172,6.12,2.67,8.79,34.97,4.7,21,6,0.0,0.85,0.99,0.48,5.86,0.21,0.09,0.3,1.19,653.8,413.9,573.0,164.1,66,29,82,21,42,1,45,6
412,Man City,DEF,Vitor,de Oliveira Nunes dos Reis,Vitor Reis,,2025-01-21,2006-01-12,0,0,0,0,0,0,0,0,0,0,0,0,0,0,0,0,0,0,0,0.00,0.00,0.00,0.00,0.0,818,268,0.0,0.0,0.0,0.0,0.0,0.0,0.0,0.0,0.0,0.0,0.0,0.0,0.0,818,268,817,268,814,268,818,268
413,Man City,MID,Omar,Marmoush,Marmoush,Omar Marmoush,2025-01-23,1999-02-07,56,5,182,691,8,3,3,4,5,0,0,0,3,0,0,6,20,13,39,2.78,0.77,3.55,7.92,2.7,253,104,0.0,0.65,1.04,0.52,5.08,0.36,0.1,0.46,1.03,203.2,159.8,284.0,64.4,309,132,240,153,125,72,253,126
414,Man City,MID,Phil,Foden,Foden,,2016-12-05,2000-05-28,131,13,563,2078,23,7,5,11,19,0,0,0,4,0,0,24,102,34,160,6.03,4.76,10.79,27.38,4.0,67,32,0.0,0.82,1.0,0.48,6.93,0.26,0.21,0.47,1.19,583.2,918.8,520.0,201.9,90,30,9,9,50,28,26,21
415,Man City,MID,Sávio,Moreira de Oliveira,Savinho,Savinho,2024-07-18,2004-04-10,43,1,140,817,7,1,2,3,7,0,0,0,2,0,0,11,39,9,59,2.50,1.59,4.09,11.24,1.8,390,167,0.0,0.77,0.77,0.33,6.5,0.28,0.18,0.46,1.24,138.6,198.4,321.0,65.8,362,163,209,137,102,61,250,124
416,Man City,MID,Bernardo,Mota Veiga de Carvalho e Silva,Bernardo,Bernardo Silva,2017-07-01,1994-08-10,102,4,534,2869,34,2,4,13,30,0,0,0,10,0,0,62,146,54,262,2.71,4.11,6.81,35.59,2.7,250,103,0.0,0.94,1.07,0.41,8.22,0.09,0.13,0.22,1.12,514.0,809.0,353.0,167.8,127,41,17,16,89,53,40,29
417,Man City,MID,Rayan,Cherki,Cherki,,2025-06-10,2003-08-17,135,16,580,1772,19,4,13,8,18,0,0,0,1,0,0,16,93,26,135,4.28,8.87,13.14,25.23,4.1,53,25,0.0,0.91,0.97,0.41,6.86,0.22,0.45,0.67,1.28,604.2,996.6,579.0,218.1,80,25,5,5,40,23,14,10
418,Man City,MID,Jérémy,Doku,Doku,,2023-08-24,2002-05-27,120,15,526,1773,19,5,8,8,18,0,0,0,0,0,0,15,88,23,126,2.87,5.86,8.73,23.20,4.0,66,31,0.0,0.91,0.96,0.41,6.4,0.15,0.3,0.45,1.18,540.2,841.6,645.0,202.5,110,33,13,12,30,14,24,19
420,Man City,MID,İlkay,Gündoğan,Gündoğan,,2024-08-23,1990-10-24,0,0,0,0,0,0,0,0,0,0,0,0,0,0,0,0,0,0,0,0.00,0.00,0.00,0.00,0.0,834,375,0.0,0.0,0.0,0.0,0.0,0.0,0.0,0.0,0.0,0.0,0.0,0.0,0.0,834,375,834,375,834,375,834,375
421,Man City,MID,Rodrigo 'Rodri',Hernandez Cascante,Rodrigo,Rodri,2019-07-04,1996-06-22,69,6,350,1510,17,1,1,5,15,0,0,0,3,0,0,57,107,42,206,1.15,2.45,3.60,20.74,3.3,154,67,0.0,0.89,1.01,0.3,12.28,0.07,0.15,0.22,1.24,358.0,421.5,122.0,90.3,207,81,79,58,261,144,175,87
422,Man City,MID,Mateo,Kovačić,Kovačić,,2023-06-27,1994-05-06,9,0,41,125,1,0,1,0,3,0,0,0,0,0,0,6,10,2,18,0.13,0.42,0.55,4.00,1.5,428,186,0.0,2.16,0.72,0.0,12.96,0.09,0.3,0.39,2.88,46.0,65.5,3.0,11.5,432,187,347,184,453,223,429,193
423,Man City,MID,Nico,González Iglesias,N.Gonzalez,,2025-02-03,2002-01-03,63,1,337,1561,17,1,0,7,18,0,0,0,6,0,0,74,90,42,206,0.68,1.12,1.80,20.35,2.5,282,115,0.0,1.04,0.98,0.4,11.88,0.04,0.06,0.1,1.17,309.8,234.1,72.0,61.5,239,101,178,115,322,166,264,131
425,Man City,MID,Claudio,Echeverri,Echeverri,,2024-01-25,2006-01-02,0,0,0,0,0,0,0,0,0,0,0,0,0,0,0,0,0,0,0,0.00,0.00,0.00,0.00,0.0,828,370,0.0,0.0,0.0,0.0,0.0,0.0,0.0,0.0,0.0,0.0,0.0,0.0,0.0,828,370,828,370,827,370,828,370
427,Man City,MID,Tijjani,Reijnders,Reijnders,,2025-06-10,1998-07-29,92,6,337,1623,19,5,3,7,18,0,0,0,2,0,0,32,58,10,100,4.61,2.35,6.96,18.82,3.3,148,62,0.0,1.0,1.05,0.39,5.55,0.26,0.13,0.39,1.04,340.0,347.8,435.0,111.2,217,88,118,83,64,37,120,68
428,Man City,MID,Sverre,Nypan,Nypan,,2025-07-17,2006-12-19,0,0,0,0,0,0,0,0,0,0,0,0,0,0,0,0,0,0,0,0.00,0.00,0.00,0.00,0.0,815,361,0.0,0.0,0.0,0.0,0.0,0.0,0.0,0.0,0.0,0.0,0.0,0.0,0.0,815,361,814,361,811,360,815,361
429,Man City,MID,Kalvin,Phillips,Phillips,,2022-07-04,1995-12-02,0,0,0,0,0,0,0,0,0,0,0,0,0,0,0,0,0,0,0,0.00,0.00,0.00,0.00,0.0,784,338,0.0,0.0,0.0,0.0,0.0,0.0,0.0,0.0,0.0,0.0,0.0,0.0,0.0,784,338,780,338,770,336,784,338
430,Man City,FWD,Erling,Haaland,Haaland,,2022-07-01,2000-07-21,239,43,952,2953,34,27,8,13,32,0,0,1,2,0,0,48,41,15,104,25.50,2.67,28.17,38.60,6.8,2,1,0.0,0.98,1.04,0.4,3.17,0.78,0.08,0.86,1.18,1180.4,320.1,1520.0,302.3,2,1,131,8,1,1,2,1
736,Man City,GKP,Gianluigi,Donnarumma,Donnarumma,,2025-09-01,1999-02-25,135,5,567,3060,34,0,0,15,29,0,1,0,8,0,78,42,236,0,0,0.00,0.13,0.13,38.50,4.0,62,5,2.29,0.85,1.0,0.44,0.0,0.0,0.0,0.0,1.13,666.6,10.3,2.0,68.0,61,14,437,8,471,4,244,14
739,Man City,MID,Divine,Mukasa,Mukasa,,2025-08-07,2007-08-22,2,0,5,25,0,0,0,0,0,0,0,0,0,0,0,0,1,0,1,0.00,0.21,0.21,0.34,1.0,488,216,0.0,0.0,0.0,0.0,3.6,0.0,0.76,0.76,1.22,4.2,28.3,4.0,3.7,497,224,400,201,447,218,473,212
740,Man City,DEF,Stephen,Mfuni,Mfuni,,2024-07-23,2008-02-12,0,0,0,0,0,0,0,0,0,0,0,0,0,0,0,0,0,0,0,0.00,0.00,0.00,0.00,0.0,585,208,0.0,0.0,0.0,0.0,0.0,0.0,0.0,0.0,0.0,0.0,0.0,0.0,0.0,574,208,560,207,529,203,577,208
742,Man City,MID,Ryan,McAidoo,McAidoo,,2025-09-26,2008-06-24,0,0,0,0,0,0,0,0,0,0,0,0,0,0,0,0,0,0,0,0.00,0.00,0.00,0.00,0.0,770,328,0.0,0.0,0.0,0.0,0.0,0.0,0.0,0.0,0.0,0.0,0.0,0.0,0.0,770,328,763,327,750,324,770,328
763,Man City,MID,Charlie,Gray,Gray,,2025-12-16,2006-02-22,0,0,0,0,0,0,0,0,0,0,0,0,0,0,0,0,0,0,0,0.00,0.00,0.00,0.00,0.0,731,295,0.0,0.0,0.0,0.0,0.0,0.0,0.0,0.0,0.0,0.0,0.0,0.0,0.0,726,291,721,292,704,286,727,292
764,Man City,MID,Reigan,Heskey,Heskey,Reigan Heskey,2024-07-26,2008-01-18,0,0,0,0,0,0,0,0,0,0,0,0,0,0,0,0,0,0,0,0.00,0.00,0.00,0.00,0.0,754,314,0.0,0.0,0.0,0.0,0.0,0.0,0.0,0.0,0.0,0.0,0.0,0.0,0.0,752,313,745,312,732,309,752,313
794,Man City,DEF,Max,Alleyne,Alleyne,,2022-12-16,2005-07-21,5,0,27,135,2,0,0,0,1,0,0,0,0,0,0,8,4,3,11,0.26,0.06,0.32,1.54,2.5,271,106,0.0,0.67,1.33,0.0,7.33,0.17,0.04,0.21,1.03,34.0,14.8,26.0,7.5,446,164,424,156,388,137,449,161
119,Man Utd,MID,Bryan,Mbeumo,Mbeumo,,2025-07-21,1999-08-07,148,16,528,2611,31,11,3,8,37,0,0,0,4,0,0,23,91,25,139,11.98,4.99,16.97,35.87,4.5,31,15,0.0,1.28,1.07,0.28,4.79,0.41,0.17,0.58,1.24,628.8,803.1,882.0,231.4,73,21,18,17,7,2,10,7
431,Man Utd,GKP,Altay,Bayındır,Bayindir,,2023-09-01,1998-04-14,11,0,49,540,6,0,0,0,11,0,0,0,0,0,13,7,39,0,0,0.00,0.05,0.05,9.24,1.8,381,38,2.17,1.83,1.0,0.0,0.0,0.0,0.01,0.01,1.54,118.4,10.0,0.0,12.8,376,27,445,15,773,86,420,27
432,Man Utd,GKP,André,Onana,Onana,,2023-07-20,1996-04-02,0,0,0,0,0,0,0,0,0,0,0,0,0,0,0,0,0,0,0,0.00,0.00,0.00,0.00,0.0,791,96,0.0,0.0,0.0,0.0,0.0,0.0,0.0,0.0,0.0,0.0,0.0,0.0,0.0,791,96,787,93,784,91,791,96
433,Man Utd,GKP,Elyh,Harrison,Harrison,,,,0,0,0,0,0,0,0,0,0,0,0,0,0,0,0,0,0,0,0,0.00,0.00,0.00,0.00,0.0,639,88,0.0,0.0,0.0,0.0,0.0,0.0,0.0,0.0,0.0,0.0,0.0,0.0,0.0,629,88,621,78,591,63,632,88
434,Man Utd,GKP,Tom,Heaton,Heaton,,2021-07-02,1986-04-15,0,0,0,0,0,0,0,0,0,0,0,0,0,0,0,0,0,0,0,0.00,0.00,0.00,0.00,0.0,542,41,0.0,0.0,0.0,0.0,0.0,0.0,0.0,0.0,0.0,0.0,0.0,0.0,0.0,531,41,512,20,480,5,534,41
435,Man Utd,GKP,Dermot,Mee,Mee,,2023-07-24,2002-11-20,0,0,0,0,0,0,0,0,0,0,0,0,0,0,0,0,0,0,0,0.00,0.00,0.00,0.00,0.0,573,56,0.0,0.0,0.0,0.0,0.0,0.0,0.0,0.0,0.0,0.0,0.0,0.0,0.0,562,56,547,39,516,24,565,56
436,Man Utd,DEF,Matthijs,de Ligt,De Ligt,,2024-08-13,1999-08-12,43,5,169,1170,13,1,0,1,20,0,0,0,0,0,0,88,40,19,107,1.38,0.83,2.21,18.73,3.3,147,53,0.0,1.54,1.0,0.08,8.23,0.11,0.06,0.17,1.44,276.6,60.2,122.0,45.7,261,103,354,123,260,69,324,109
437,Man Utd,DEF,Lisandro,Martínez,Martinez,,2022-07-17,1998-01-18,51,3,241,1229,13,0,0,5,15,1,0,0,0,1,0,86,68,19,105,0.15,0.60,0.75,15.22,2.8,220,88,0.0,1.1,0.95,0.37,7.69,0.01,0.04,0.05,1.11,302.8,94.9,19.0,42.0,245,95,302,97,409,149,331,113
438,Man Utd,DEF,Noussair,Mazraoui,Mazraoui,,2024-08-13,1997-11-14,53,6,233,977,11,0,0,5,10,0,0,0,3,0,0,66,46,28,94,0.19,0.35,0.53,12.99,2.6,264,102,0.0,0.92,1.01,0.46,8.66,0.02,0.03,0.05,1.2,209.0,122.4,37.0,36.8,303,120,281,82,366,123,347,116
439,Man Utd,DEF,Diego,León Blanco,D.Leon,,2025-07-05,2007-04-03,0,0,0,0,0,0,0,0,0,0,0,0,0,0,0,0,0,0,0,0.00,0.00,0.00,0.00,0.0,657,253,0.0,0.0,0.0,0.0,0.0,0.0,0.0,0.0,0.0,0.0,0.0,0.0,0.0,647,254,640,253,611,251,650,254
440,Man Utd,DEF,Diogo,Dalot Teixeira,Dalot,Diogo Dalot,2018-06-08,1999-03-18,111,9,414,2609,29,1,6,7,40,0,0,0,5,0,0,127,135,53,180,1.93,2.57,4.50,36.57,3.3,144,51,0.0,1.38,1.0,0.24,6.21,0.07,0.09,0.16,1.26,535.8,458.5,202.0,119.6,115,53,69,14,183,44,103,28
441,Man Utd,DEF,Patrick,Dorgu,Dorgu,,2025-02-02,2004-10-26,95,11,321,1440,15,4,4,4,20,0,0,0,5,0,0,50,77,48,98,2.39,1.84,4.23,19.61,3.7,87,30,0.0,1.25,0.94,0.25,6.12,0.15,0.12,0.27,1.23,469.0,394.2,341.0,120.3,145,60,94,24,94,11,101,26
442,Man Utd,DEF,Harry,Maguire,Maguire,,2019-08-05,1993-03-05,90,5,315,1649,19,1,2,7,20,0,0,0,3,1,0,129,62,22,151,1.12,0.50,1.62,22.95,3.9,68,24,0.0,1.09,1.04,0.38,8.24,0.06,0.03,0.09,1.25,381.6,62.5,184.0,63.0,192,78,350,122,204,54,257,85
443,Man Utd,DEF,Luke,Shaw,Shaw,,2014-07-01,1995-07-12,113,3,449,3220,38,1,1,10,45,0,0,0,9,0,0,149,105,75,224,0.72,1.98,2.69,44.90,3.0,193,77,0.0,1.26,1.06,0.28,6.26,0.02,0.06,0.08,1.25,560.2,314.8,97.0,97.4,101,45,135,35,289,85,158,52
444,Man Utd,DEF,Leny,Yoro,Yoro,,2024-07-19,2005-11-13,56,1,191,1730,18,0,1,2,33,0,0,0,1,0,0,126,73,30,156,1.34,0.59,1.93,26.83,1.8,376,139,0.0,1.72,0.94,0.1,8.12,0.07,0.03,0.1,1.4,327.0,83.1,124.0,53.2,228,91,320,105,257,67,292,92
445,Man Utd,DEF,Harry,Amass,Amass,,2024-04-06,2007-03-16,0,0,0,0,0,0,0,0,0,0,0,0,0,0,0,0,0,0,0,0.00,0.00,0.00,0.00,0.0,636,235,0.0,0.0,0.0,0.0,0.0,0.0,0.0,0.0,0.0,0.0,0.0,0.0,0.0,626,236,618,235,588,232,629,236
446,Man Utd,DEF,Tyler,Fredricson,Fredricson,,2022-09-07,2005-02-23,1,0,4,2,0,0,0,0,0,0,0,0,0,0,0,2,0,0,2,0.00,0.00,0.00,0.30,1.0,464,166,0.0,0.0,0.0,0.0,90.0,0.0,0.0,0.0,13.5,4.0,0.0,0.0,0.4,498,179,509,184,477,179,514,180
447,Man Utd,DEF,Ayden,Heaven,Heaven,,2025-02-01,2006-09-22,42,3,164,920,11,0,1,2,15,1,0,0,2,0,0,71,39,22,93,0.34,0.18,0.52,11.95,2.5,269,104,0.0,1.47,1.08,0.2,9.1,0.03,0.02,0.05,1.17,233.6,32.0,26.0,29.1,286,113,394,142,387,136,373,129
448,Man Utd,DEF,Tyrell,Malacia,Malacia,,2022-07-05,1999-08-17,3,0,6,15,0,0,0,0,1,0,0,0,0,0,0,1,3,3,4,0.00,0.00,0.00,0.58,1.0,463,165,0.0,6.0,0.0,0.0,24.0,0.0,0.0,0.0,3.48,7.6,1.5,0.0,0.9,485,175,484,173,474,176,506,177
449,Man Utd,MID,Bruno,Borges Fernandes,B.Fernandes,Bruno Fernandes,2020-01-30,1994-09-08,235,41,1008,3065,35,9,24,7,46,0,0,2,5,0,0,67,167,53,287,10.79,12.28,23.07,44.42,6.7,3,1,0.0,1.35,1.03,0.21,8.43,0.32,0.36,0.68,1.3,1258.0,1938.5,614.0,381.4,1,1,1,1,33,17,1,1
450,Man Utd,MID,Matheus,Santos Carneiro da Cunha,Cunha,Matheus Cunha,2025-06-01,1999-05-27,143,14,591,2493,29,10,4,8,35,0,0,0,4,0,0,46,126,39,211,6.90,3.36,10.26,35.75,4.3,43,19,0.0,1.26,1.05,0.29,7.62,0.25,0.12,0.37,1.29,675.8,545.4,801.0,202.5,59,16,48,42,19,9,25,20
451,Man Utd,MID,Marcus,Rashford,Rashford,,2015-07-01,1997-10-31,0,0,0,0,0,0,0,0,0,0,0,0,0,0,0,0,0,0,0,0.00,0.00,0.00,0.00,0.0,839,377,0.0,0.0,0.0,0.0,0.0,0.0,0.0,0.0,0.0,0.0,0.0,0.0,0.0,839,377,839,377,839,377,839,377
452,Man Utd,MID,Amad,Diallo,Amad,,2021-01-07,2002-07-11,91,7,463,2339,27,2,5,6,33,0,0,0,2,0,0,48,112,38,198,5.46,4.74,10.20,31.69,2.8,229,89,0.0,1.27,1.04,0.23,7.62,0.21,0.18,0.39,1.22,436.6,596.1,600.0,163.5,160,58,39,36,37,21,46,32
454,Man Utd,MID,Antony,dos Santos,Antony,,2022-09-01,2000-02-24,0,0,0,0,0,0,0,0,0,0,0,0,0,0,0,0,0,0,0,0.00,0.00,0.00,0.00,0.0,833,374,0.0,0.0,0.0,0.0,0.0,0.0,0.0,0.0,0.0,0.0,0.0,0.0,0.0,833,374,833,374,832,374,833,374
455,Man Utd,MID,Mason,Mount,Mount,,2023-07-05,1999-01-10,58,3,201,1010,12,3,0,5,15,0,0,0,2,0,0,19,59,24,102,1.56,1.62,3.18,12.46,2.5,281,114,0.0,1.34,1.07,0.45,9.09,0.14,0.14,0.28,1.11,201.2,214.1,165.0,58.0,311,134,191,125,223,121,276,140
457,Man Utd,MID,Carlos Henrique,Casimiro,Casemiro,Casemiro,2022-08-22,1992-02-23,165,20,636,2575,33,9,4,9,32,0,0,0,9,1,0,130,135,90,355,5.44,3.17,8.61,31.77,4.9,15,8,0.0,1.12,1.15,0.31,12.41,0.19,0.11,0.3,1.11,903.6,536.1,585.0,202.8,13,4,50,43,39,22,23,18
458,Man Utd,MID,Kobbie,Mainoo,Mainoo,,2022-10-15,2005-04-19,73,2,340,1653,16,1,2,6,22,0,0,0,2,0,0,56,95,36,187,0.48,1.27,1.75,22.88,2.6,260,105,0.0,1.2,0.87,0.33,10.18,0.03,0.07,0.1,1.25,365.0,360.1,94.0,82.1,204,79,109,76,296,156,197,94
459,Man Utd,MID,Manuel,Ugarte Ribeiro,Ugarte,,2024-08-30,2001-04-11,38,0,183,876,8,0,0,1,23,0,0,0,1,0,0,45,51,46,142,0.72,0.16,0.88,18.22,1.7,400,171,0.0,2.36,0.82,0.1,14.59,0.07,0.02,0.09,1.87,167.2,83.6,48.0,29.8,332,147,317,175,348,180,370,175
460,Man Utd,MID,Toby,Collyer,Collyer,,2023-07-01,2004-01-03,0,0,0,0,0,0,0,0,0,0,0,0,0,0,0,0,0,0,0,0.00,0.00,0.00,0.00,0.0,724,288,0.0,0.0,0.0,0.0,0.0,0.0,0.0,0.0,0.0,0.0,0.0,0.0,0.0,718,283,714,285,697,279,720,285
461,Man Utd,MID,Jayce,Fitzgerald,Fitzgerald,,,,0,0,0,0,0,0,0,0,0,0,0,0,0,0,0,0,0,0,0,0.00,0.00,0.00,0.00,0.0,675,256,0.0,0.0,0.0,0.0,0.0,0.0,0.0,0.0,0.0,0.0,0.0,0.0,0.0,664,247,660,251,638,241,667,249
462,Man Utd,MID,Jack,Fletcher,J.Fletcher,Jack Fletcher,2024-07-12,2007-03-19,3,0,10,107,0,0,0,0,0,0,0,0,0,0,0,2,4,5,11,0.03,0.02,0.05,1.86,1.0,479,209,0.0,0.0,0.0,0.0,9.25,0.03,0.02,0.05,1.56,18.6,24.4,5.0,4.8,465,205,404,203,442,214,467,207
463,Man Utd,MID,Sékou,Koné,Kone,,2025-02-15,2006-02-03,0,0,0,0,0,0,0,0,0,0,0,0,0,0,0,0,0,0,0,0.00,0.00,0.00,0.00,0.0,679,260,0.0,0.0,0.0,0.0,0.0,0.0,0.0,0.0,0.0,0.0,0.0,0.0,0.0,669,251,665,255,642,245,671,253
464,Man Utd,MID,Jack,Moorhouse,Moorhouse,,2025-02-15,2005-11-29,0,0,0,0,0,0,0,0,0,0,0,0,0,0,0,0,0,0,0,0.00,0.00,0.00,0.00,0.0,741,304,0.0,0.0,0.0,0.0,0.0,0.0,0.0,0.0,0.0,0.0,0.0,0.0,0.0,738,302,732,302,716,297,739,303
465,Man Utd,FWD,Rasmus,Højlund,Højlund,,2023-08-05,2003-02-04,0,0,0,0,0,0,0,0,0,0,0,0,0,0,0,0,0,0,0,0.00,0.00,0.00,0.00,0.0,835,93,0.0,0.0,0.0,0.0,0.0,0.0,0.0,0.0,0.0,0.0,0.0,0.0,0.0,835,93,835,93,835,93,835,93
466,Man Utd,FWD,Joshua,Zirkzee,Zirkzee,,2024-07-17,2001-05-22,42,6,146,607,5,2,1,2,8,0,0,0,3,0,0,14,21,9,44,2.74,0.34,3.08,9.41,1.8,389,44,0.0,1.19,0.74,0.3,6.52,0.41,0.05,0.46,1.4,164.4,177.7,245.0,58.3,337,34,228,23,142,38,274,33
467,Man Utd,FWD,Chido,Obi,Obi,,2025-02-15,2007-11-29,0,0,0,0,0,0,0,0,0,0,0,0,0,0,0,0,0,0,0,0.00,0.00,0.00,0.00,0.0,664,68,0.0,0.0,0.0,0.0,0.0,0.0,0.0,0.0,0.0,0.0,0.0,0.0,0.0,654,66,648,65,624,65,657,67
468,Man Utd,FWD,Ethan,Wheatley,Wheatley,,2024-04-12,2006-01-20,0,0,0,0,0,0,0,0,0,0,0,0,0,0,0,0,0,0,0,0.00,0.00,0.00,0.00,0.0,749,80,0.0,0.0,0.0,0.0,0.0,0.0,0.0,0.0,0.0,0.0,0.0,0.0,0.0,746,79,740,78,726,78,747,79
681,Man Utd,FWD,Benjamin,Sesko,Šeško,,2025-08-09,2003-05-31,111,19,405,1630,17,11,2,2,30,0,0,0,2,0,0,20,39,5,64,9.21,0.28,9.48,27.05,3.7,96,9,0.0,1.66,0.94,0.11,3.53,0.51,0.02,0.53,1.49,483.8,156.1,803.0,143.4,137,13,245,28,18,10,65,14
733,Man Utd,GKP,Senne,Lammens,Lammens,,2025-09-01,2002-07-07,109,11,413,2880,32,0,0,8,39,0,0,0,0,0,79,26,224,1,0,0.00,0.00,0.00,39.25,3.4,131,17,2.47,1.22,1.0,0.25,0.0,0.0,0.0,0.0,1.23,635.6,0.0,2.0,63.7,72,15,818,96,469,2,255,15
755,Man Utd,MID,Shea,Lacey,Lacey,,2025-05-26,2007-04-14,3,0,9,40,0,0,0,0,0,0,0,0,0,0,0,0,2,1,3,0.10,0.01,0.11,0.51,1.0,497,223,0.0,0.0,0.0,0.0,6.75,0.22,0.02,0.24,1.15,4.0,2.1,16.0,1.7,499,225,479,230,414,203,492,221
769,Man Utd,MID,Bendito,Mantato,Bendito Mantato,,2025-04-30,2008-01-25,1,0,3,15,0,0,0,0,0,0,0,0,0,0,0,0,0,0,0,0.00,0.01,0.01,0.05,1.0,496,222,0.0,0.0,0.0,0.0,0.0,0.0,0.06,0.06,0.3,2.2,11.7,0.0,1.4,510,233,432,212,728,306,499,228
771,Man Utd,MID,Tyler,Fletcher,Fletcher,Tyler Fletcher,2025-05-26,2007-03-19,2,0,6,17,0,0,0,0,0,0,0,0,0,0,0,0,2,0,2,0.00,0.01,0.01,0.33,1.0,485,213,0.0,0.0,0.0,0.0,10.59,0.0,0.05,0.05,1.75,0.8,3.0,0.0,0.3,521,236,472,225,660,256,519,236
788,Man Utd,DEF,Godwill,Kukonki,Kukonki,,2024-12-03,2008-02-06,0,0,0,0,0,0,0,0,0,0,0,0,0,0,0,0,0,0,0,0.00,0.00,0.00,0.00,0.0,635,234,0.0,0.0,0.0,0.0,0.0,0.0,0.0,0.0,0.0,0.0,0.0,0.0,0.0,625,235,617,234,587,231,628,235
827,Man Utd,MID,Jim,Thwaites,Thwaites,,2025-05-26,2007-12-20,0,0,0,0,0,0,0,0,0,0,0,0,0,0,0,0,0,0,0,0.00,0.00,0.00,0.00,0.0,751,312,0.0,0.0,0.0,0.0,0.0,0.0,0.0,0.0,0.0,0.0,0.0,0.0,0.0,748,310,742,310,729,307,749,311
52,Newcastle,MID,Jacob,Ramsey,J.Ramsey,,2025-08-17,2001-05-28,62,3,303,1441,15,2,3,1,31,0,0,0,3,1,0,23,85,41,149,1.20,1.45,2.65,27.24,2.2,325,138,0.0,1.94,0.94,0.06,9.31,0.07,0.09,0.16,1.7,304.4,330.3,165.0,79.9,243,103,127,87,222,120,203,97
135,Newcastle,FWD,Yoane,Wissa,Wissa,,2025-09-01,1996-09-03,27,0,70,517,4,1,1,1,11,0,0,0,3,0,0,3,14,5,22,3.13,0.54,3.67,9.97,1.4,440,51,0.0,1.91,0.7,0.17,3.83,0.54,0.09,0.63,1.74,58.0,46.7,163.0,25.5,426,50,377,48,224,46,382,48
469,Newcastle,GKP,Nick,Pope,Pope,,2022-06-23,1992-04-19,96,3,414,2416,27,0,1,7,38,0,0,0,2,0,89,35,254,1,0,0.16,0.00,0.16,32.89,3.6,101,10,3.32,1.42,1.01,0.26,0.0,0.01,0.0,0.01,1.23,671.0,0.0,35.0,70.7,60,13,803,95,371,1,236,13
471,Newcastle,GKP,Mark,Gillespie,Gillespie,,2020-07-27,1992-03-27,0,0,0,0,0,0,0,0,0,0,0,0,0,0,0,0,0,0,0,0.00,0.00,0.00,0.00,0.0,562,47,0.0,0.0,0.0,0.0,0.0,0.0,0.0,0.0,0.0,0.0,0.0,0.0,0.0,551,47,534,28,503,13,554,47
472,Newcastle,GKP,Odysseas,Vlachodimos,Odysseas,,2024-07-01,1994-04-26,0,0,0,0,0,0,0,0,0,0,0,0,0,0,0,0,0,0,0,0.00,0.00,0.00,0.00,0.0,594,68,0.0,0.0,0.0,0.0,0.0,0.0,0.0,0.0,0.0,0.0,0.0,0.0,0.0,583,68,573,56,542,41,586,68
473,Newcastle,DEF,Lewis,Hall,Hall,,2024-07-01,2004-09-08,79,4,347,2176,24,1,2,4,39,0,0,0,4,0,0,119,134,54,173,1.01,2.78,3.79,37.72,2.6,266,103,0.0,1.61,0.99,0.17,7.16,0.04,0.11,0.15,1.56,550.2,433.6,196.0,118.0,105,49,76,18,189,47,105,29
474,Newcastle,DEF,Fabian,Schär,Schär,,2018-07-26,1991-12-20,51,0,186,1089,11,0,0,4,13,0,0,0,1,0,0,101,42,14,115,0.97,0.60,1.57,13.85,3.2,169,63,0.0,1.07,0.91,0.33,9.5,0.08,0.05,0.13,1.14,291.2,63.6,108.0,46.4,250,97,349,121,275,78,321,107
475,Newcastle,DEF,Sven,Botman,Botman,,2022-06-28,2000-01-12,89,6,332,1834,21,1,1,5,27,1,0,0,2,0,0,195,89,21,216,1.73,0.86,2.59,27.58,3.6,99,36,0.0,1.32,1.03,0.25,10.6,0.08,0.04,0.12,1.35,597.0,85.8,190.0,87.4,85,36,311,102,196,50,178,59
476,Newcastle,DEF,Dan,Burn,Burn,,2022-01-31,1992-05-09,93,5,286,2195,25,1,3,6,36,0,0,0,9,1,0,185,76,40,225,1.08,0.36,1.44,30.15,3.2,167,62,0.0,1.48,1.03,0.25,9.23,0.04,0.01,0.05,1.24,525.8,107.3,186.0,82.1,122,55,294,92,199,51,198,69
477,Newcastle,DEF,Tino,Livramento,Livramento,,2023-08-08,2002-11-12,59,3,252,1326,14,0,1,6,14,0,0,0,1,0,0,46,81,22,68,0.13,0.89,1.02,18.62,3.5,115,44,0.0,0.95,0.95,0.41,4.62,0.01,0.06,0.07,1.26,219.4,199.7,42.0,46.1,294,116,207,52,356,118,322,108
478,Newcastle,DEF,Kieran,Trippier,Trippier,,2022-01-07,1990-09-19,54,2,225,1586,18,0,1,5,27,0,0,0,3,0,0,57,74,25,82,0.08,2.06,2.14,21.28,2.6,261,101,0.0,1.53,1.02,0.28,4.65,0.0,0.12,0.12,1.21,288.0,488.5,14.0,79.0,254,99,60,9,418,155,207,73
479,Newcastle,DEF,Emil,Krafth,Krafth,,2019-08-08,1994-08-02,0,0,-8,45,1,0,0,0,2,0,0,0,0,0,0,1,0,0,1,0.00,0.00,0.00,0.25,0.0,666,255,0.0,4.0,2.0,0.0,2.0,0.0,0.0,0.0,0.5,1.4,1.2,0.0,0.3,515,181,489,176,626,254,518,181
480,Newcastle,DEF,Jamaal,Lascelles,Lascelles,,2014-08-04,1993-11-11,1,0,0,19,0,0,0,0,2,0,0,0,0,0,0,5,0,0,5,0.04,0.00,0.04,0.55,0.5,534,181,0.0,9.47,0.0,0.0,23.68,0.19,0.0,0.19,2.61,10.2,0.0,7.0,1.7,479,174,650,255,435,165,491,174
481,Newcastle,DEF,Alex,Murphy,A.Murphy,Alex Murphy,2023-07-19,2004-06-25,2,0,3,7,0,0,0,0,1,0,0,0,0,0,0,4,0,0,4,0.00,0.00,0.00,0.49,1.0,466,167,0.0,12.86,0.0,0.0,51.43,0.0,0.0,0.0,6.3,10.2,0.6,2.0,1.3,478,173,491,177,454,169,502,175
482,Newcastle,DEF,Harrison,Ashby,Ashby,,2023-01-31,2001-11-14,0,0,0,0,0,0,0,0,0,0,0,0,0,0,0,0,0,0,0,0.00,0.00,0.00,0.00,0.0,571,203,0.0,0.0,0.0,0.0,0.0,0.0,0.0,0.0,0.0,0.0,0.0,0.0,0.0,560,203,545,202,514,198,563,203
483,Newcastle,DEF,Miodrag,Pivaš,Pivas,,,,0,0,0,0,0,0,0,0,0,0,0,0,0,0,0,0,0,0,0,0.00,0.00,0.00,0.00,0.0,556,199,0.0,0.0,0.0,0.0,0.0,0.0,0.0,0.0,0.0,0.0,0.0,0.0,0.0,545,199,527,198,496,194,548,199
484,Newcastle,DEF,Matt,Targett,Targett,,2022-07-01,1995-09-18,0,0,0,0,0,0,0,0,0,0,0,0,0,0,0,0,0,0,0,0.00,0.00,0.00,0.00,0.0,596,214,0.0,0.0,0.0,0.0,0.0,0.0,0.0,0.0,0.0,0.0,0.0,0.0,0.0,585,214,575,213,544,209,588,214
485,Newcastle,MID,Anthony,Gordon,Gordon,,2023-01-29,2001-02-24,101,10,352,1798,24,6,4,8,30,0,0,0,3,1,0,16,56,19,91,8.77,3.38,12.15,24.78,3.9,76,36,0.0,1.5,1.2,0.4,4.56,0.44,0.17,0.61,1.24,393.8,404.2,514.0,130.9,186,72,86,62,51,29,84,50
486,Newcastle,MID,Anthony,Elanga,Elanga,,2025-07-11,2002-04-27,48,0,179,1302,14,0,1,2,28,0,0,0,0,0,0,9,32,14,55,1.65,1.74,3.39,21.11,1.5,429,187,0.0,1.94,0.97,0.14,3.8,0.11,0.12,0.23,1.46,130.4,266.7,185.0,57.8,370,165,163,106,203,106,278,141
487,Newcastle,MID,Harvey,Barnes,Barnes,,2023-07-23,1997-12-09,106,9,349,1951,19,7,1,5,31,0,0,0,1,0,0,20,67,13,100,6.84,2.72,9.56,30.30,2.9,212,82,0.0,1.43,0.88,0.23,4.61,0.32,0.13,0.45,1.4,404.0,387.5,682.0,147.0,181,69,98,69,27,12,60,38
488,Newcastle,MID,Bruno,Guimarães Rodriguez Moura,Bruno G.,Bruno Guimarães,2022-01-30,1997-11-16,154,22,681,2456,27,9,7,6,37,0,0,0,6,0,0,55,134,62,251,5.59,4.96,10.55,31.99,5.3,7,3,0.0,1.36,0.99,0.22,9.2,0.2,0.18,0.38,1.17,782.4,756.7,488.0,202.9,34,10,19,18,57,32,22,17
489,Newcastle,MID,Jacob,Murphy,J.Murphy,Jacob Murphy,2017-07-19,1995-02-24,82,5,314,1606,19,3,2,8,20,0,0,0,2,0,0,27,47,16,90,3.07,2.66,5.73,24.35,2.5,280,113,0.0,1.12,1.06,0.45,5.04,0.17,0.15,0.32,1.36,330.8,393.7,346.0,106.0,225,94,96,67,92,54,135,72
490,Newcastle,MID,Joelinton Cássio,Apolinário de Lira,Joelinton,Joelinton,2019-07-24,1996-08-14,73,2,304,1950,23,2,1,5,27,0,0,0,10,0,0,73,122,43,238,2.36,1.35,3.71,28.75,2.7,249,102,0.0,1.25,1.06,0.23,10.98,0.11,0.06,0.17,1.33,324.4,296.3,329.0,95.0,231,97,147,97,98,58,162,83
491,Newcastle,MID,Sandro,Tonali,Tonali,,2023-07-03,2000-05-08,81,2,477,2534,31,0,2,7,38,0,0,0,4,0,0,75,147,35,257,1.75,2.87,4.62,36.19,2.3,309,129,0.0,1.35,1.1,0.25,9.13,0.06,0.1,0.16,1.29,398.0,534.1,198.0,113.4,184,70,51,44,187,100,115,65
492,Newcastle,MID,Antoñito,Cordero Campillo,Antoñito C.,,2025-07-01,2006-11-14,0,0,0,0,0,0,0,0,0,0,0,0,0,0,0,0,0,0,0,0.00,0.00,0.00,0.00,0.0,804,353,0.0,0.0,0.0,0.0,0.0,0.0,0.0,0.0,0.0,0.0,0.0,0.0,0.0,804,353,800,353,797,352,804,353
494,Newcastle,MID,Joe,Willock,Willock,,2021-08-13,1999-08-20,38,0,166,972,10,0,2,3,18,0,0,0,3,0,0,17,52,20,89,1.26,1.07,2.33,17.83,1.6,415,177,0.0,1.67,0.93,0.28,8.24,0.12,0.1,0.22,1.65,145.4,205.8,204.0,55.5,351,158,201,133,181,97,285,145
495,Newcastle,MID,Isaac,Hayden,Hayden,,2016-07-11,1995-03-22,0,0,0,0,0,0,0,0,0,0,0,0,0,0,0,0,0,0,0,0.00,0.00,0.00,0.00,0.0,707,275,0.0,0.0,0.0,0.0,0.0,0.0,0.0,0.0,0.0,0.0,0.0,0.0,0.0,701,270,696,272,677,265,703,272
496,Newcastle,MID,Garang,Kuol,Kuol,,2023-01-01,2004-09-15,0,0,0,0,0,0,0,0,0,0,0,0,0,0,0,0,0,0,0,0.00,0.00,0.00,0.00,0.0,697,270,0.0,0.0,0.0,0.0,0.0,0.0,0.0,0.0,0.0,0.0,0.0,0.0,0.0,690,264,685,266,666,259,692,266
497,Newcastle,MID,Lewis,Miley,L.Miley,,2023-02-01,2006-05-01,72,5,334,1493,15,1,4,2,22,0,0,0,0,0,0,57,69,29,155,1.36,2.10,3.46,21.22,3.1,177,70,0.0,1.33,0.9,0.12,9.34,0.08,0.13,0.21,1.28,342.6,251.4,136.0,73.0,214,86,165,108,243,135,227,110
498,Newcastle,MID,Joe,White,White,,2024-01-29,2002-10-01,0,0,0,0,0,0,0,0,0,0,0,0,0,0,0,0,0,0,0,0.00,0.00,0.00,0.00,0.0,721,285,0.0,0.0,0.0,0.0,0.0,0.0,0.0,0.0,0.0,0.0,0.0,0.0,0.0,715,280,711,282,694,276,717,282
500,Newcastle,FWD,William,Osula,Osula,,2024-08-08,2003-08-04,76,13,284,805,8,7,1,2,14,0,0,0,0,0,0,2,23,6,31,4.28,0.62,4.90,14.48,3.2,173,17,0.0,1.57,0.89,0.22,3.47,0.48,0.07,0.55,1.62,256.6,82.6,284.0,62.2,273,27,321,40,124,32,260,31
501,Newcastle,FWD,Sean,Neave,Neave,,2025-02-07,2007-05-27,1,0,2,13,0,0,0,0,1,0,0,0,0,0,0,0,0,0,0,0.03,0.00,0.03,0.37,1.0,482,58,0.0,6.92,0.0,0.0,0.0,0.21,0.0,0.21,2.56,0.0,0.0,5.0,0.5,667,69,663,68,443,61,513,63
674,Newcastle,GKP,Aaron,Ramsdale,Ramsdale,,2025-08-02,1998-05-14,25,1,107,1003,11,0,0,1,17,0,0,0,2,0,25,10,89,0,0,0.00,0.00,0.00,18.83,2.1,335,32,2.24,1.53,0.99,0.09,0.0,0.0,0.0,0.0,1.69,212.8,10.0,0.0,22.3,301,25,446,16,779,89,391,25
684,Newcastle,DEF,Malick,Thiaw,Thiaw,,2025-08-12,2001-08-08,126,12,436,2963,33,4,0,5,52,0,0,0,4,0,0,248,118,44,292,4.80,0.96,5.76,49.21,3.6,100,37,0.0,1.58,1.0,0.15,8.87,0.15,0.03,0.18,1.49,868.0,114.3,409.0,138.9,19,6,285,85,74,4,74,13
689,Newcastle,MID,Seung-Soo,Park,Seung soo,Park Seung-Soo,2025-07-26,2007-03-17,0,0,0,0,0,0,0,0,0,0,0,0,0,0,0,0,0,0,0,0.00,0.00,0.00,0.00,0.0,680,261,0.0,0.0,0.0,0.0,0.0,0.0,0.0,0.0,0.0,0.0,0.0,0.0,0.0,670,252,666,256,643,246,672,254
714,Newcastle,FWD,Nick,Woltemade,Woltemade,,2025-08-30,2002-02-14,108,12,399,1896,24,8,4,8,29,1,0,0,0,0,0,28,53,24,105,6.59,1.53,8.12,25.67,3.3,155,16,0.0,1.38,1.14,0.38,4.98,0.31,0.07,0.38,1.22,447.2,314.4,425.0,117.5,151,16,136,9,69,27,106,18
753,Newcastle,GKP,John,Ruddy,Ruddy,,2024-07-01,1986-10-24,0,0,0,0,0,0,0,0,0,0,0,0,0,0,0,0,0,0,0,0.00,0.00,0.00,0.00,0.0,590,65,0.0,0.0,0.0,0.0,0.0,0.0,0.0,0.0,0.0,0.0,0.0,0.0,0.0,579,65,565,49,534,34,582,65
765,Newcastle,DEF,Leo,Shahar,Shahar,,2024-08-08,2007-03-18,0,0,0,0,0,0,0,0,0,0,0,0,0,0,0,0,0,0,0,0.00,0.00,0.00,0.00,0.0,632,231,0.0,0.0,0.0,0.0,0.0,0.0,0.0,0.0,0.0,0.0,0.0,0.0,0.0,622,232,614,231,584,228,625,232
772,Newcastle,MID,Sam,Alabi,Alabi,,2025-11-24,2009-07-09,0,0,0,0,0,0,0,0,0,0,0,0,0,0,0,0,0,0,0,0.00,0.00,0.00,0.00,0.0,778,334,0.0,0.0,0.0,0.0,0.0,0.0,0.0,0.0,0.0,0.0,0.0,0.0,0.0,778,334,771,333,758,330,778,334
12,Nott'm Forest,DEF,Oleksandr,Zinchenko,Zinchenko,,2025-09-01,1996-12-15,7,0,56,352,4,0,0,0,6,0,0,0,0,0,0,14,17,10,24,0.07,0.36,0.43,5.02,1.4,435,158,0.0,1.53,1.02,0.0,6.14,0.02,0.09,0.11,1.28,80.8,83.4,22.0,18.6,406,152,318,104,399,143,399,142
400,Nott'm Forest,GKP,Stefan,Ortega Moreno,Ortega Moreno,,2026-02-01,1992-11-06,11,0,38,270,3,0,0,1,4,0,0,0,0,0,8,1,8,0,0,0.00,0.01,0.01,4.65,3.7,90,9,2.67,1.33,1.0,0.33,0.0,0.0,0.0,0.0,1.55,68.6,0.0,0.0,6.9,415,34,779,92,769,84,454,34
426,Nott'm Forest,MID,James,McAtee,McAtee,,2025-08-16,2002-10-18,17,0,60,288,2,0,1,0,9,0,0,0,1,0,0,7,18,7,32,0.18,0.37,0.55,7.34,1.2,453,201,0.0,2.81,0.62,0.0,10.0,0.06,0.12,0.18,2.29,51.6,82.0,39.0,17.3,430,185,325,177,362,185,404,184
502,Nott'm Forest,GKP,Matz,Sels,Sels,,2024-02-01,1992-02-26,105,3,431,2667,30,0,0,7,39,0,1,0,2,0,95,26,197,1,0,0.00,0.06,0.06,45.12,3.4,125,15,3.21,1.32,1.01,0.24,0.0,0.0,0.0,0.0,1.52,730.0,10.0,0.0,74.0,44,11,443,13,766,81,221,11
503,Nott'm Forest,GKP,Carlos Miguel,dos Santos Pereira,C.Miguel,,2024-07-09,1998-10-09,0,0,0,0,0,0,0,0,0,0,0,0,0,0,0,0,0,0,0,0.00,0.00,0.00,0.00,0.0,612,78,0.0,0.0,0.0,0.0,0.0,0.0,0.0,0.0,0.0,0.0,0.0,0.0,0.0,601,78,592,67,561,52,604,78
504,Nott'm Forest,GKP,Matt,Turner,Turner,,2023-08-09,1994-06-24,0,0,0,0,0,0,0,0,0,0,0,0,0,0,0,0,0,0,0,0.00,0.00,0.00,0.00,0.0,599,69,0.0,0.0,0.0,0.0,0.0,0.0,0.0,0.0,0.0,0.0,0.0,0.0,0.0,588,69,579,58,548,43,591,69
505,Nott'm Forest,DEF,Nikola,Milenković,Milenković,,2024-07-18,1997-10-12,119,2,401,3375,37,0,1,9,51,1,0,0,6,0,0,281,107,30,311,0.83,0.68,1.51,54.98,3.1,182,71,0.0,1.36,0.99,0.24,8.29,0.02,0.02,0.04,1.47,680.4,66.9,120.0,86.9,58,26,341,116,264,71,179,60
506,Nott'm Forest,DEF,Murillo,Costa dos Santos,Murillo,Murillo,2023-08-31,2002-07-04,83,3,333,2130,25,1,0,6,29,2,0,0,5,0,0,188,102,35,223,0.73,0.47,1.20,32.99,3.3,151,54,0.0,1.23,1.06,0.25,9.42,0.03,0.02,0.05,1.39,542.2,115.5,82.0,74.0,107,51,283,83,309,96,222,77
507,Nott'm Forest,DEF,Ola,Aina,Aina,,2023-07-22,1996-10-08,67,5,264,1587,18,0,2,6,19,0,0,0,3,0,0,99,81,31,130,0.41,0.84,1.25,25.31,3.7,91,33,0.0,1.08,1.02,0.34,7.37,0.02,0.05,0.07,1.44,285.2,160.3,58.0,50.5,256,100,238,61,339,110,302,98
508,Nott'm Forest,DEF,Neco,Williams,N.Williams,,2022-07-11,2001-04-13,128,15,531,3203,36,2,3,9,48,0,0,0,6,1,0,151,164,96,247,2.01,3.97,5.98,51.36,3.5,114,43,0.0,1.35,1.01,0.25,6.94,0.06,0.11,0.17,1.44,804.0,572.3,380.0,175.6,32,11,43,5,83,7,36,3
509,Nott'm Forest,DEF,David,Mota Veiga Teixeira do Carmo,David Carmo,,2024-08-25,1999-07-19,0,0,0,0,0,0,0,0,0,0,0,0,0,0,0,0,0,0,0,0.00,0.00,0.00,0.00,0.0,718,263,0.0,0.0,0.0,0.0,0.0,0.0,0.0,0.0,0.0,0.0,0.0,0.0,0.0,712,263,708,263,691,263,714,263
510,Nott'm Forest,DEF,Jair,Paula da Cunha Filho,Jair Cunha,Jair Cunha,2025-07-11,2005-03-07,13,0,48,514,6,0,0,0,7,0,0,0,0,0,0,38,13,9,47,0.27,0.06,0.33,10.35,1.4,431,156,0.0,1.23,1.05,0.0,8.23,0.05,0.01,0.06,1.81,98.0,15.2,29.0,14.2,396,150,422,155,381,132,413,149
511,Nott'm Forest,DEF,Felipe,Rodrigues da Silva,Morato,Morato,2024-08-30,2001-06-30,53,1,190,1340,14,1,0,2,23,0,0,0,5,0,0,114,52,30,144,1.32,0.15,1.47,24.34,2.5,273,107,0.0,1.54,0.94,0.13,9.67,0.09,0.01,0.1,1.63,371.2,37.6,96.0,50.5,201,85,387,138,292,87,301,97
512,Nott'm Forest,DEF,Omar,Richards,O.Richards,,2022-07-10,1998-02-15,0,0,0,0,0,0,0,0,0,0,0,0,0,0,0,0,0,0,0,0.00,0.00,0.00,0.00,0.0,710,261,0.0,0.0,0.0,0.0,0.0,0.0,0.0,0.0,0.0,0.0,0.0,0.0,0.0,704,261,699,261,680,260,706,261
513,Nott'm Forest,DEF,Zach,Abbott,Abbott,,2022-08-22,2006-05-13,3,0,3,165,2,0,0,0,4,0,0,0,0,0,0,9,10,4,13,0.00,0.01,0.01,3.47,1.0,467,168,0.0,2.18,1.09,0.0,7.09,0.0,0.01,0.01,1.89,25.4,6.4,0.0,3.2,457,167,456,164,495,193,477,171
514,Nott'm Forest,DEF,Willy,Boly,Boly,,2022-09-01,1991-02-03,0,0,0,0,0,0,0,0,0,0,0,0,0,0,0,0,0,0,0,0.00,0.00,0.00,0.00,0.0,543,188,0.0,0.0,0.0,0.0,0.0,0.0,0.0,0.0,0.0,0.0,0.0,0.0,0.0,532,188,513,187,481,182,535,188
515,Nott'm Forest,MID,Morgan,Gibbs-White,Gibbs-White,,2022-08-19,2000-01-27,188,18,712,3101,35,15,4,10,45,0,0,0,1,0,0,48,110,20,178,10.81,2.91,13.72,49.70,5.1,11,5,0.0,1.31,1.02,0.29,5.17,0.31,0.08,0.39,1.44,843.8,747.7,836.0,242.5,23,7,20,19,9,4,7,5
516,Nott'm Forest,MID,Callum,Hudson-Odoi,Hudson-Odoi,,2023-09-01,2000-11-07,88,8,358,1838,21,3,4,6,26,0,0,0,0,0,0,24,68,14,106,2.77,3.02,5.79,30.88,2.9,210,80,0.0,1.27,1.03,0.29,5.19,0.14,0.15,0.29,1.51,366.6,611.7,330.0,130.6,203,78,35,32,97,57,85,51
517,Nott'm Forest,MID,Elliot,Anderson,Anderson,,2024-07-01,2002-11-06,180,16,795,3332,37,4,5,10,50,0,0,0,8,0,0,106,306,103,515,2.94,4.79,7.73,53.65,4.7,22,10,0.0,1.35,1.0,0.27,13.91,0.08,0.13,0.21,1.45,915.2,961.5,310.0,219.0,11,3,6,6,109,66,13,9
518,Nott'm Forest,MID,João Pedro,Ferreira da Silva,Jota,,2024-08-01,1999-08-01,1,0,6,11,0,0,0,0,0,0,0,0,0,0,0,1,0,2,3,0.00,0.00,0.00,0.00,1.0,519,241,0.0,0.0,0.0,0.0,24.55,0.0,0.0,0.0,0.0,5.0,0.5,4.0,1.0,494,221,494,238,452,222,505,231
519,Nott'm Forest,MID,Nicolás,Domínguez,Dominguez,,2023-09-01,1998-06-28,48,3,229,1168,17,1,1,3,20,0,0,0,3,0,0,29,58,56,143,1.47,0.77,2.24,23.21,1.8,384,165,0.0,1.54,1.31,0.23,11.02,0.11,0.06,0.17,1.79,264.8,193.5,138.0,59.7,270,113,213,141,241,133,269,134
520,Nott'm Forest,MID,Lewis,O'Brien,O'Brien,,2022-07-20,1998-10-14,0,0,0,0,0,0,0,0,0,0,0,0,0,0,0,0,0,0,0,0.00,0.00,0.00,0.00,0.0,807,355,0.0,0.0,0.0,0.0,0.0,0.0,0.0,0.0,0.0,0.0,0.0,0.0,0.0,807,355,806,355,803,354,807,355
521,Nott'm Forest,MID,Ibrahim,Sangaré,Sangaré,,2023-09-01,1997-12-02,89,2,366,2073,25,2,2,8,26,0,0,0,5,0,0,95,114,58,267,1.16,1.80,2.96,33.17,3.2,166,68,0.0,1.13,1.09,0.35,11.59,0.05,0.08,0.13,1.44,434.4,205.9,126.0,76.8,164,60,199,131,256,142,214,101
522,Nott'm Forest,MID,Ryan,Yates,Yates,,2018-08-01,1997-11-21,30,0,123,602,2,0,2,0,7,0,0,0,3,0,0,35,18,16,69,0.49,0.37,0.86,8.56,1.4,433,188,0.0,1.05,0.3,0.0,10.32,0.07,0.06,0.13,1.28,139.0,79.7,55.0,27.2,359,161,328,178,343,178,376,177
523,Nott'm Forest,MID,Eric,da Silva Moreira,Da Silva Moreira,,2024-07-01,2006-05-03,0,0,0,0,0,0,0,0,0,0,0,0,0,0,0,0,0,0,0,0.00,0.00,0.00,0.00,0.0,744,306,0.0,0.0,0.0,0.0,0.0,0.0,0.0,0.0,0.0,0.0,0.0,0.0,0.0,741,304,735,304,721,300,742,305
524,Nott'm Forest,MID,Marko,Stamenić,Stamenic,,2024-06-27,2002-02-19,0,0,0,0,0,0,0,0,0,0,0,0,0,0,0,0,0,0,0,0.00,0.00,0.00,0.00,0.0,726,290,0.0,0.0,0.0,0.0,0.0,0.0,0.0,0.0,0.0,0.0,0.0,0.0,0.0,721,286,716,287,699,281,722,287
525,Nott'm Forest,FWD,Chris,Wood,Wood,,2023-07-01,1991-12-07,41,4,145,896,11,3,0,2,14,0,0,0,0,0,0,14,14,1,29,4.29,0.32,4.61,14.44,2.7,251,27,0.0,1.41,1.1,0.2,2.91,0.43,0.03,0.46,1.45,139.0,88.4,266.0,48.0,361,40,308,35,133,35,311,37
526,Nott'm Forest,FWD,Igor Jesus,Maciel da Cruz,Igor Jesus,Igor Jesus,2025-07-05,2001-02-25,114,13,407,2293,28,6,6,9,37,0,0,0,2,0,0,38,61,24,123,6.48,1.26,7.74,38.77,3.1,185,20,0.0,1.45,1.1,0.35,4.83,0.25,0.05,0.3,1.52,420.6,240.7,726.0,136.4,173,18,171,16,25,15,79,16
527,Nott'm Forest,FWD,Taiwo,Awoniyi,Awoniyi,,2022-06-25,1997-08-12,43,4,170,480,3,4,2,1,4,0,0,0,2,0,0,6,18,2,26,3.68,0.77,4.45,10.35,2.5,275,29,0.0,0.75,0.56,0.19,4.88,0.69,0.14,0.83,1.94,177.2,79.0,235.0,48.4,325,32,329,41,151,39,308,36
669,Nott'm Forest,MID,Dan,Ndoye,Ndoye,,2025-07-31,2000-10-25,50,4,178,1167,14,1,2,2,17,0,0,0,1,0,0,24,50,22,96,1.05,1.51,2.56,15.96,2.1,337,144,0.0,1.31,1.08,0.15,7.4,0.08,0.12,0.2,1.23,166.4,217.7,180.0,56.6,334,149,185,122,210,111,280,142
675,Nott'm Forest,GKP,Angus,Gunn,Gunn,,2025-08-06,1996-01-22,1,0,4,45,0,0,0,0,0,0,0,0,0,0,0,1,4,0,0,0.00,0.00,0.00,0.21,1.0,469,40,0.0,0.0,0.0,0.0,0.0,0.0,0.0,0.0,0.42,1.2,0.0,0.0,0.1,517,40,571,54,540,39,526,40
693,Nott'm Forest,MID,Omari,Hutchinson,Hutchinson,,2025-08-16,2003-10-30,82,3,329,1676,17,1,7,6,24,0,0,0,1,0,0,20,87,22,129,2.01,3.87,5.88,24.42,2.6,267,109,0.0,1.29,0.91,0.32,6.93,0.11,0.21,0.32,1.31,333.6,527.1,356.0,121.6,222,92,53,46,87,52,96,56
696,Nott'm Forest,FWD,Arnaud,Kalimuendo,Kalimuendo,,2025-08-18,2002-01-20,9,0,24,89,0,0,0,0,3,0,0,0,0,0,0,1,4,1,6,0.44,0.02,0.46,1.57,1.0,521,64,0.0,3.03,0.0,0.0,6.07,0.44,0.02,0.46,1.59,6.8,17.7,39.0,6.3,490,56,420,54,364,57,457,56
715,Nott'm Forest,GKP,John Victor,Maciel Furtado,John,John Victor,2025-08-31,1996-02-13,11,0,32,437,5,0,0,1,8,0,0,0,1,0,6,4,26,0,0,0.00,0.00,0.00,6.13,2.2,314,31,1.24,1.65,1.03,0.21,0.0,0.0,0.0,0.0,1.26,56.4,0.0,0.0,5.7,427,36,577,57,546,42,460,36
716,Nott'm Forest,DEF,Nicolò,Savona,Savona,,2025-08-30,2003-03-19,39,0,131,1025,11,2,0,3,18,0,0,0,2,0,0,37,27,20,57,1.34,0.45,1.79,15.04,2.8,219,87,0.0,1.58,0.97,0.26,5.0,0.12,0.04,0.16,1.32,216.6,123.2,94.0,43.5,297,118,280,81,295,89,328,112
729,Nott'm Forest,DEF,Luis Eduardo,Soares da Silva,Cuiabano,,2025-09-01,2003-02-16,0,0,0,0,0,0,0,0,0,0,0,0,0,0,0,0,0,0,0,0.00,0.00,0.00,0.00,0.0,742,264,0.0,0.0,0.0,0.0,0.0,0.0,0.0,0.0,0.0,0.0,0.0,0.0,0.0,739,264,733,264,718,264,740,264
734,Nott'm Forest,MID,Dilane,Bakwa,Bakwa,,2025-09-01,2002-08-26,26,1,100,549,6,0,2,2,10,0,0,0,1,0,0,3,28,4,35,0.54,1.01,1.55,10.94,1.9,370,159,0.0,1.64,0.98,0.33,5.74,0.09,0.17,0.26,1.79,86.4,178.8,95.0,35.6,402,176,226,148,294,155,350,168
805,Nott'm Forest,FWD,Lorenzo,Lucca,Lucca,,2026-01-24,2000-09-10,9,0,33,126,1,1,0,1,1,0,0,0,0,0,0,4,3,0,7,0.79,0.01,0.80,1.89,2.2,326,35,0.0,0.71,0.71,0.71,5.0,0.56,0.01,0.57,1.35,37.2,13.0,39.0,8.5,442,51,430,55,363,56,443,55
814,Nott'm Forest,DEF,Luca,Netz,Netz,,2026-02-02,2003-05-15,11,0,33,353,3,0,0,0,5,0,0,0,0,0,0,15,15,12,27,0.00,0.41,0.41,7.87,1.6,412,151,0.0,1.27,0.76,0.0,6.88,0.0,0.1,0.1,2.01,63.4,30.1,10.0,10.4,423,158,398,144,427,160,431,157
835,Nott'm Forest,MID,Archie,Whitehall,Whitehall,,2025-08-01,2006-05-21,0,0,0,0,0,0,0,0,0,0,0,0,0,0,0,0,0,0,0,0.00,0.00,0.00,0.00,0.0,743,305,0.0,0.0,0.0,0.0,0.0,0.0,0.0,0.0,0.0,0.0,0.0,0.0,0.0,740,303,734,303,720,299,741,304
836,Nott'm Forest,MID,Jimmy,Sinclair,Sinclair,,2025-08-01,2006-08-11,0,0,0,0,0,0,0,0,0,0,0,0,0,0,0,0,0,0,0,0.00,0.00,0.00,0.00,0.0,758,318,0.0,0.0,0.0,0.0,0.0,0.0,0.0,0.0,0.0,0.0,0.0,0.0,0.0,756,317,749,316,736,313,756,317
841,Nott'm Forest,FWD,Lamin,Sillah,Sillah,,2026-05-20,2006-06-06,0,0,0,0,0,0,0,0,0,0,0,0,0,0,0,0,0,0,0,0.00,0.00,0.00,0.00,0.0,782,87,0.0,0.0,0.0,0.0,0.0,0.0,0.0,0.0,0.0,0.0,0.0,0.0,0.0,782,87,776,86,764,86,782,87
528,Sunderland,GKP,Anthony,Patterson,Patterson,,2018-10-09,2000-05-10,0,0,0,0,0,0,0,0,0,0,0,0,0,0,0,0,0,0,0,0.00,0.00,0.00,0.00,0.0,660,93,0.0,0.0,0.0,0.0,0.0,0.0,0.0,0.0,0.0,0.0,0.0,0.0,0.0,650,93,644,85,618,72,653,93
529,Sunderland,GKP,Simon,Moore,Moore,,2024-07-01,1990-05-19,0,0,0,0,0,0,0,0,0,0,0,0,0,0,0,0,0,0,0,0.00,0.00,0.00,0.00,0.0,561,46,0.0,0.0,0.0,0.0,0.0,0.0,0.0,0.0,0.0,0.0,0.0,0.0,0.0,550,46,532,26,501,11,553,46
530,Sunderland,GKP,Blondy,Nna Noukeu,Nna Noukeu,,2024-08-02,2001-05-31,0,0,0,0,0,0,0,0,0,0,0,0,0,0,0,0,0,0,0,0.00,0.00,0.00,0.00,0.0,577,59,0.0,0.0,0.0,0.0,0.0,0.0,0.0,0.0,0.0,0.0,0.0,0.0,0.0,566,59,552,43,521,28,569,59
531,Sunderland,DEF,Daniel,Ballard,Ballard,,2022-07-01,1999-09-22,116,9,340,2144,24,2,2,6,35,0,0,0,4,1,0,231,69,33,264,2.46,0.63,3.09,33.20,4.0,57,20,0.0,1.47,1.01,0.25,11.08,0.1,0.03,0.13,1.39,662.8,181.2,370.0,121.5,62,27,225,57,85,8,97,24
532,Sunderland,DEF,Trai,Hume,Hume,,2022-01-04,2002-03-18,110,6,383,3032,34,2,1,9,42,1,0,0,9,0,0,135,102,68,203,2.27,2.05,4.32,47.27,2.9,206,82,0.0,1.25,1.01,0.27,6.03,0.07,0.06,0.13,1.4,547.8,421.3,248.0,120.9,106,50,80,19,140,27,99,25
533,Sunderland,DEF,Aji,Alese,Alese,,2022-07-15,2001-01-17,0,0,0,0,0,0,0,0,0,0,0,0,0,0,0,0,0,0,0,0.00,0.00,0.00,0.00,0.0,597,215,0.0,0.0,0.0,0.0,0.0,0.0,0.0,0.0,0.0,0.0,0.0,0.0,0.0,586,215,576,214,545,210,589,215
534,Sunderland,DEF,Joe,Anderson,Anderson,,2023-01-31,2001-02-06,0,0,0,0,0,0,0,0,0,0,0,0,0,0,0,0,0,0,0,0.00,0.00,0.00,0.00,0.0,545,189,0.0,0.0,0.0,0.0,0.0,0.0,0.0,0.0,0.0,0.0,0.0,0.0,0.0,534,189,515,188,483,183,537,189
535,Sunderland,DEF,Dennis,Cirkin,Cirkin,,2021-08-11,2002-04-06,14,0,43,319,3,0,0,1,2,0,0,0,2,0,0,20,8,8,28,0.08,0.02,0.09,6.49,1.8,374,137,0.0,0.56,0.85,0.28,7.9,0.02,0.01,0.03,1.83,59.2,9.7,10.0,7.5,425,159,448,160,425,158,450,162
536,Sunderland,DEF,Leo Fuhr,Hjelde,Hjelde,,2024-01-30,2003-08-26,0,0,0,0,0,0,0,0,0,0,0,0,0,0,0,0,0,0,0,0.00,0.00,0.00,0.00,0.0,613,221,0.0,0.0,0.0,0.0,0.0,0.0,0.0,0.0,0.0,0.0,0.0,0.0,0.0,602,221,593,220,562,216,605,221
537,Sunderland,DEF,Niall,Huggins,Huggins,,2021-08-20,2000-12-18,0,0,0,0,0,0,0,0,0,0,0,0,0,0,0,0,0,0,0,0.00,0.00,0.00,0.00,0.0,616,222,0.0,0.0,0.0,0.0,0.0,0.0,0.0,0.0,0.0,0.0,0.0,0.0,0.0,605,222,596,221,565,217,608,222
538,Sunderland,DEF,Zak,Johnson,Johnson,,2021-10-12,2004-07-30,0,0,0,0,0,0,0,0,0,0,0,0,0,0,0,0,0,0,0,0.00,0.00,0.00,0.00,0.0,552,195,0.0,0.0,0.0,0.0,0.0,0.0,0.0,0.0,0.0,0.0,0.0,0.0,0.0,541,195,523,194,491,189,544,195
539,Sunderland,DEF,Luke,O'Nien,O'Nien,,2018-07-30,1994-11-21,26,1,90,565,5,0,1,2,7,0,0,0,1,1,0,37,10,6,43,0.15,0.13,0.28,9.24,2.2,313,119,0.0,1.12,0.8,0.32,6.85,0.02,0.02,0.04,1.47,103.0,27.6,40.0,17.1,387,143,401,145,358,120,406,145
540,Sunderland,DEF,Timothée,Pembélé,Pembele,,2023-09-01,2002-09-09,0,0,0,0,0,0,0,0,0,0,0,0,0,0,0,0,0,0,0,0.00,0.00,0.00,0.00,0.0,574,204,0.0,0.0,0.0,0.0,0.0,0.0,0.0,0.0,0.0,0.0,0.0,0.0,0.0,563,204,548,203,517,199,566,204
541,Sunderland,DEF,Reinildo,Mandava,Reinildo,Reinildo Mandava,2025-07-08,1994-01-21,74,6,281,1966,23,0,2,6,27,0,0,0,7,1,0,125,90,39,164,0.13,0.62,0.75,26.72,3.0,188,73,0.0,1.24,1.05,0.27,7.51,0.01,0.03,0.04,1.22,376.4,130.2,39.0,54.7,195,81,272,76,359,121,287,91
542,Sunderland,DEF,Jenson,Seelt,Seelt,,2023-07-01,2003-05-23,2,0,11,133,1,0,0,0,2,0,0,0,0,0,0,8,6,4,12,0.00,0.01,0.01,1.33,1.0,471,171,0.0,1.35,0.68,0.0,8.12,0.0,0.01,0.01,0.9,33.6,2.4,0.0,3.6,447,165,475,172,579,225,474,169
543,Sunderland,MID,Simon,Adingra,Adingra,,2025-07-10,2002-01-01,34,3,81,649,9,1,1,4,8,0,0,0,2,0,0,13,21,11,45,0.35,0.62,0.97,11.30,2.4,294,121,0.0,1.11,1.25,0.55,6.24,0.05,0.09,0.14,1.57,81.4,116.8,75.0,27.0,405,178,282,168,316,165,379,178
544,Sunderland,MID,Habib,Diarra,Diarra,,2025-07-01,2004-01-03,65,3,209,1403,15,2,6,5,19,0,0,0,6,0,0,17,48,14,79,3.27,0.85,4.12,21.52,3.2,171,69,0.0,1.22,0.96,0.32,5.07,0.21,0.05,0.26,1.38,166.2,153.8,234.0,53.9,335,150,247,157,152,82,289,148
545,Sunderland,MID,Patrick,Roberts,Roberts,,2022-01-21,1997-02-05,1,0,4,27,0,0,0,0,1,0,0,0,0,0,0,0,1,0,1,0.03,0.02,0.05,0.66,1.0,518,240,0.0,3.33,0.0,0.0,3.33,0.1,0.07,0.17,2.2,1.8,7.3,5.0,1.4,514,234,453,217,444,215,500,229
546,Sunderland,MID,Milan,Aleksić,Aleksić,,2024-08-30,2005-08-30,0,0,0,0,0,0,0,0,0,0,0,0,0,0,0,0,0,0,0,0.00,0.00,0.00,0.00,0.0,803,352,0.0,0.0,0.0,0.0,0.0,0.0,0.0,0.0,0.0,0.0,0.0,0.0,0.0,803,352,799,352,796,351,803,352
547,Sunderland,MID,Enzo,Le Fée,E.Le Fée,,2025-07-01,2000-02-03,147,16,621,2930,33,5,6,10,43,0,0,1,5,0,0,77,153,89,319,5.22,5.95,11.17,46.50,4.1,50,23,0.0,1.32,1.01,0.31,9.8,0.16,0.18,0.34,1.43,725.8,816.4,324.0,186.9,46,12,16,15,101,60,31,24
548,Sunderland,MID,Romaine,Mundle,Mundle,,2024-02-01,2003-04-24,14,0,42,399,2,0,0,0,11,0,0,0,1,0,0,6,22,5,33,0.87,0.48,1.35,8.54,1.0,509,232,0.0,2.48,0.45,0.0,7.44,0.2,0.11,0.31,1.93,29.4,33.6,69.0,12.7,452,200,390,197,327,168,421,190
549,Sunderland,MID,Dan,Neil,Neil,,2018-11-01,2001-12-13,3,0,10,13,0,0,0,0,0,0,0,0,0,0,0,2,0,0,2,0.00,0.00,0.00,0.64,1.0,505,230,0.0,0.0,0.0,0.0,13.85,0.0,0.0,0.0,4.43,3.0,1.4,0.0,0.4,506,231,487,235,778,339,517,235
550,Sunderland,MID,Ian,Poveda-Ocampo,Poveda,,2024-07-24,2000-02-09,0,0,0,0,0,0,0,0,0,0,0,0,0,0,0,0,0,0,0,0.00,0.00,0.00,0.00,0.0,785,339,0.0,0.0,0.0,0.0,0.0,0.0,0.0,0.0,0.0,0.0,0.0,0.0,0.0,785,339,781,339,772,337,785,339
551,Sunderland,MID,Chris,Rigg,Rigg,,2022-12-31,2007-06-18,36,1,136,758,11,1,1,3,11,0,0,0,1,0,0,15,29,13,57,0.86,0.93,1.79,12.46,2.0,350,149,0.0,1.31,1.31,0.36,6.77,0.1,0.11,0.21,1.48,114.6,142.8,103.0,36.0,382,171,257,161,283,151,348,166
552,Sunderland,MID,Noah,Sadiki,Sadiki,,2025-07-04,2004-12-17,80,0,410,2891,33,0,2,9,42,0,0,0,9,0,0,89,113,46,248,1.43,1.46,2.89,41.39,2.4,295,122,0.0,1.31,1.03,0.28,7.72,0.04,0.05,0.09,1.29,347.6,333.3,162.0,84.6,213,85,122,85,225,122,189,91
553,Sunderland,MID,Chemsdine,Talbi,Talbi,,2025-07-09,2005-05-09,83,6,248,1553,16,4,2,7,14,0,0,0,0,0,0,20,61,11,92,2.13,1.18,3.30,22.26,3.0,198,77,0.0,0.81,0.93,0.41,5.33,0.12,0.07,0.19,1.29,238.8,211.5,245.0,69.1,284,119,194,128,141,77,240,116
554,Sunderland,MID,Abdoullah,Ba,Ba,,2022-08-31,2003-07-31,0,0,0,0,0,0,0,0,0,0,0,0,0,0,0,0,0,0,0,0.00,0.00,0.00,0.00,0.0,669,251,0.0,0.0,0.0,0.0,0.0,0.0,0.0,0.0,0.0,0.0,0.0,0.0,0.0,658,242,653,246,629,234,661,244
555,Sunderland,MID,Alan,Browne,Browne,,2024-07-11,1995-04-15,0,0,0,0,0,0,0,0,0,0,0,0,0,0,0,0,0,0,0,0.00,0.00,0.00,0.00,0.0,708,276,0.0,0.0,0.0,0.0,0.0,0.0,0.0,0.0,0.0,0.0,0.0,0.0,0.0,702,271,697,273,678,266,704,273
556,Sunderland,MID,Pierre,Ekwah Elimby,Ekwah,,2023-01-23,2002-01-15,0,0,0,0,0,0,0,0,0,0,0,0,0,0,0,0,0,0,0,0.00,0.00,0.00,0.00,0.0,719,283,0.0,0.0,0.0,0.0,0.0,0.0,0.0,0.0,0.0,0.0,0.0,0.0,0.0,713,278,709,280,692,274,715,280
557,Sunderland,MID,Harrison,Jones,H.Jones,Harrison Jones,2024-01-01,2004-12-25,0,0,0,0,0,0,0,0,0,0,0,0,0,0,0,0,0,0,0,0.00,0.00,0.00,0.00,0.0,673,254,0.0,0.0,0.0,0.0,0.0,0.0,0.0,0.0,0.0,0.0,0.0,0.0,0.0,662,245,658,249,636,239,665,247
558,Sunderland,MID,Jay,Matete,Matete,,2022-01-31,2001-02-11,0,0,0,0,0,0,0,0,0,0,0,0,0,0,0,0,0,0,0,0.00,0.00,0.00,0.00,0.0,670,252,0.0,0.0,0.0,0.0,0.0,0.0,0.0,0.0,0.0,0.0,0.0,0.0,0.0,659,243,654,247,630,235,662,245
559,Sunderland,MID,Nectarios,Triantis,Triantis,,2023-07-01,2003-05-11,0,0,0,0,0,0,0,0,0,0,0,0,0,0,0,0,0,0,0,0.00,0.00,0.00,0.00,0.0,690,266,0.0,0.0,0.0,0.0,0.0,0.0,0.0,0.0,0.0,0.0,0.0,0.0,0.0,682,259,678,262,657,253,684,261
560,Sunderland,FWD,Wilson,Isidor,Isidor,,2025-02-01,2000-08-27,74,7,266,1148,11,6,1,4,17,0,0,0,1,0,0,17,23,11,51,4.70,0.38,5.08,19.82,2.3,308,33,0.0,1.33,0.86,0.31,4.0,0.37,0.03,0.4,1.55,242.0,30.4,444.0,71.5,280,29,397,52,62,25,231,28
561,Sunderland,FWD,Eliezer,Mayenda Dossou,Mayenda,,2023-07-28,2005-05-08,40,5,124,751,8,2,0,3,9,0,0,0,0,0,0,7,14,5,26,2.13,0.22,2.35,12.94,2.0,355,38,0.0,1.08,0.96,0.36,3.12,0.26,0.03,0.29,1.55,117.6,53.8,188.0,35.5,379,42,364,46,197,44,351,46
562,Sunderland,FWD,Ahmed,Abdullahi,Abdullahi,,2024-08-31,2004-06-19,0,0,0,0,0,0,0,0,0,0,0,0,0,0,0,0,0,0,0,0.00,0.00,0.00,0.00,0.0,665,69,0.0,0.0,0.0,0.0,0.0,0.0,0.0,0.0,0.0,0.0,0.0,0.0,0.0,655,67,649,66,625,66,658,68
563,Sunderland,FWD,Luís Hemir,Silva Semedo,Luís Hemir,,2023-07-01,2003-08-11,0,0,0,0,0,0,0,0,0,0,0,0,0,0,0,0,0,0,0,0.00,0.00,0.00,0.00,0.0,696,75,0.0,0.0,0.0,0.0,0.0,0.0,0.0,0.0,0.0,0.0,0.0,0.0,0.0,689,74,684,73,665,72,691,74
564,Sunderland,FWD,Nazarii,Rusyn,Rusyn,,2023-09-01,1998-10-25,0,0,0,0,0,0,0,0,0,0,0,0,0,0,0,0,0,0,0,0.00,0.00,0.00,0.00,0.0,686,72,0.0,0.0,0.0,0.0,0.0,0.0,0.0,0.0,0.0,0.0,0.0,0.0,0.0,677,71,673,70,652,69,679,71
668,Sunderland,MID,Granit,Xhaka,Xhaka,,2025-07-30,1992-09-27,124,8,603,2901,32,1,6,9,39,0,0,0,8,0,0,134,178,50,362,1.01,3.73,4.74,45.68,3.6,103,46,0.0,1.21,0.99,0.28,11.23,0.03,0.12,0.15,1.42,685.0,595.3,101.0,138.1,56,15,40,37,286,152,75,47
670,Sunderland,GKP,Robin,Roefs,Roefs,,2025-08-01,2003-01-17,136,12,573,3150,35,0,0,10,46,0,1,0,4,0,109,37,333,0,0,0.00,0.10,0.10,50.05,3.9,72,7,3.11,1.31,1.0,0.29,0.0,0.0,0.0,0.0,1.43,881.6,50.0,0.0,93.1,17,5,368,2,780,90,170,4
678,Sunderland,DEF,Arthur,Masuaku,Masuaku,,2025-08-10,1993-11-07,1,0,4,125,2,0,0,0,2,0,0,0,1,0,0,6,3,4,10,0.07,0.08,0.15,2.09,0.3,535,182,0.0,1.44,1.44,0.0,7.2,0.05,0.06,0.11,1.5,21.8,20.1,7.0,4.9,461,168,413,150,434,164,463,166
683,Sunderland,DEF,Omar,Alderete,Alderete,,2025-08-12,1996-12-26,125,5,400,2797,32,1,1,10,40,0,0,0,6,0,0,280,103,32,312,1.62,0.91,2.52,44.52,3.8,77,27,0.0,1.29,1.03,0.32,10.04,0.05,0.03,0.08,1.43,749.0,138.1,279.0,117.0,40,16,260,68,128,22,107,30
694,Sunderland,DEF,Nordi,Mukiele,Mukiele,,2025-08-17,1997-11-01,151,11,489,2784,32,3,5,9,40,1,0,0,5,0,0,204,131,69,273,1.62,2.65,4.27,44.71,4.7,18,4,0.0,1.29,1.03,0.29,8.83,0.05,0.09,0.14,1.45,733.6,353.1,242.0,132.9,43,18,112,29,148,30,82,17
724,Sunderland,DEF,Lutsharel,Geertruida,Geertruida,,2025-09-01,2000-07-18,55,0,231,1681,17,0,0,3,23,0,0,0,2,0,0,76,73,37,113,0.79,0.85,1.64,30.92,2.0,349,130,0.0,1.23,0.91,0.16,6.05,0.04,0.05,0.09,1.66,274.6,135.7,102.0,51.2,264,105,263,70,284,82,299,95
730,Sunderland,FWD,Brian,Brobbey,Brobbey,,2025-09-01,2002-02-01,92,12,309,1920,22,7,2,6,30,0,0,0,6,0,0,21,44,9,74,6.02,0.67,6.69,31.40,3.0,200,21,0.0,1.41,1.03,0.28,3.47,0.28,0.03,0.31,1.47,333.4,200.5,552.0,106.7,223,21,206,20,45,20,130,21
735,Sunderland,MID,Bertrand,Traoré,Traoré,Bertrand Traoré,2025-09-01,1995-09-06,30,1,118,634,9,1,1,3,9,0,0,0,1,0,0,11,18,11,40,0.48,0.25,0.73,9.74,2.5,276,112,0.0,1.28,1.28,0.43,5.68,0.07,0.04,0.11,1.38,115.6,108.4,135.0,35.9,380,169,292,169,245,136,349,167
774,Sunderland,DEF,Jenson,Jones,Jenson Jones,Jenson Jones,2025-08-24,2006-06-26,0,0,0,0,0,0,0,0,0,0,0,0,0,0,0,0,0,0,0,0.00,0.00,0.00,0.00,0.0,600,217,0.0,0.0,0.0,0.0,0.0,0.0,0.0,0.0,0.0,0.0,0.0,0.0,0.0,589,217,580,216,549,212,592,217
775,Sunderland,MID,Tymur,Tutierov,Tutierov,,2024-08-30,2005-06-11,0,0,0,0,0,0,0,0,0,0,0,0,0,0,0,0,0,0,0,0.00,0.00,0.00,0.00,0.0,763,322,0.0,0.0,0.0,0.0,0.0,0.0,0.0,0.0,0.0,0.0,0.0,0.0,0.0,762,321,755,320,742,317,762,321
800,Sunderland,MID,Djiamgone Jocelin Ta,Bi,Jocelin.T,,2026-01-16,2005-02-09,1,0,4,38,1,0,0,0,0,0,0,0,0,0,0,0,2,1,3,0.00,0.04,0.04,0.24,1.0,511,234,0.0,0.0,2.37,0.0,7.11,0.0,0.09,0.09,0.57,3.4,4.3,2.0,1.0,501,227,465,223,468,231,504,230
812,Sunderland,GKP,Melker,Ellborg,Ellborg,,2026-02-01,2003-05-22,16,3,62,270,3,0,0,1,2,0,0,0,0,0,10,6,33,0,0,0.00,0.02,0.02,4.10,5.3,6,2,3.33,0.67,1.0,0.33,0.0,0.0,0.01,0.01,1.37,73.6,0.0,0.0,7.4,409,33,605,73,574,58,451,33
813,Sunderland,MID,Nilson,Angulo,Angulo,,2026-02-02,2003-06-19,13,0,43,401,5,0,0,1,6,0,0,0,1,0,0,16,9,10,35,0.77,0.12,0.89,7.26,1.6,416,178,0.0,1.35,1.12,0.22,7.86,0.17,0.03,0.2,1.63,45.4,44.3,89.0,17.8,433,188,380,195,303,161,401,183
821,Sunderland,MID,Jack,Whittaker,Whittaker,,2025-08-24,2006-10-14,0,0,0,0,0,0,0,0,0,0,0,0,0,0,0,0,0,0,0,0.00,0.00,0.00,0.00,0.0,745,307,0.0,0.0,0.0,0.0,0.0,0.0,0.0,0.0,0.0,0.0,0.0,0.0,0.0,742,305,736,305,722,301,743,306
822,Sunderland,MID,Jaydon,Jones,Jones,Jaydon Jones,2025-08-24,2006-11-03,0,0,0,0,0,0,0,0,0,0,0,0,0,0,0,0,0,0,0,0.00,0.00,0.00,0.00,0.0,746,308,0.0,0.0,0.0,0.0,0.0,0.0,0.0,0.0,0.0,0.0,0.0,0.0,0.0,743,306,737,306,723,302,744,307
565,Spurs,GKP,Guglielmo,Vicario,Vicario,,2023-07-01,1996-10-07,90,6,412,2790,31,0,0,7,50,0,0,0,1,0,83,35,247,1,0,0.00,0.04,0.04,46.21,2.9,207,25,2.68,1.61,1.0,0.23,0.0,0.0,0.0,0.0,1.49,709.2,10.1,0.0,72.2,49,12,438,9,771,85,230,12
566,Spurs,GKP,Brandon,Austin,Austin,,2017-07-22,1999-01-08,0,0,0,0,0,0,0,0,0,0,0,0,0,0,0,0,0,0,0,0.00,0.00,0.00,0.00,0.0,568,53,0.0,0.0,0.0,0.0,0.0,0.0,0.0,0.0,0.0,0.0,0.0,0.0,0.0,557,53,542,36,511,21,560,53
567,Spurs,GKP,Antonín,Kinský,Kinsky,,2025-01-05,2003-03-13,20,0,76,630,7,0,0,2,7,0,0,0,1,0,10,10,33,0,0,0.00,0.00,0.00,5.55,2.9,203,24,1.43,1.0,1.0,0.29,0.0,0.0,0.0,0.0,0.79,102.6,0.0,0.0,10.3,389,29,551,42,520,27,432,29
568,Spurs,DEF,Pedro,Porro Sauceda,Pedro Porro,,2023-07-01,1999-09-13,117,8,502,2793,32,1,3,9,40,0,0,0,10,0,0,142,132,76,218,1.05,4.37,5.42,37.75,3.4,132,48,0.0,1.29,1.03,0.29,7.02,0.03,0.14,0.17,1.22,690.2,881.7,202.0,177.5,54,24,11,1,184,45,34,2
569,Spurs,DEF,Cristian,Romero,Romero,,2022-08-30,1998-04-27,91,10,305,1869,22,4,1,5,33,0,0,0,9,2,0,139,88,58,197,1.39,1.25,2.64,28.32,4.0,58,21,0.0,1.59,1.06,0.24,9.49,0.07,0.06,0.13,1.36,574.8,133.6,223.0,93.2,94,41,266,72,161,33,169,57
570,Spurs,DEF,Kevin,Danso,Danso,,2025-07-01,1998-09-19,63,1,219,1489,17,0,0,4,25,0,0,0,8,0,0,165,45,27,192,0.62,0.28,0.90,20.15,2.6,256,97,0.0,1.51,1.03,0.24,11.61,0.04,0.02,0.06,1.22,407.0,49.5,96.0,55.5,179,72,369,131,291,86,283,90
571,Spurs,DEF,Ben,Davies,Davies,,2014-07-23,1993-04-24,10,1,29,136,2,1,0,0,3,0,0,0,1,0,0,9,5,5,14,0.49,0.07,0.56,1.11,3.3,142,49,0.0,1.99,1.32,0.0,9.26,0.32,0.05,0.37,0.73,67.4,22.2,52.0,14.2,417,155,411,149,346,115,414,150
572,Spurs,DEF,Radu,Drăgușin,Dragusin,,2024-01-11,2002-02-03,17,0,34,515,5,0,0,0,13,0,0,0,0,0,0,70,14,5,75,0.31,0.01,0.32,12.26,1.7,398,146,0.0,2.27,0.87,0.0,13.11,0.05,0.0,0.05,2.14,130.6,3.2,27.0,16.1,369,139,471,170,386,135,411,147
573,Spurs,DEF,Djed,Spence,Spence,,2022-07-19,2000-08-09,78,3,271,2049,23,0,0,9,31,0,0,0,4,0,0,72,112,44,116,0.90,1.77,2.67,31.42,2.6,254,95,0.0,1.36,1.01,0.4,5.1,0.04,0.08,0.12,1.38,291.0,209.7,207.0,70.5,251,98,196,50,176,41,237,81
574,Spurs,DEF,Destiny,Udogie,Udogie,,2022-08-16,2002-11-28,29,1,121,1335,14,0,1,1,25,0,0,0,4,0,0,37,70,31,68,0.18,0.72,0.90,19.15,1.4,432,157,0.0,1.69,0.94,0.07,4.58,0.01,0.05,0.06,1.29,207.2,187.0,103.0,49.8,305,121,219,54,282,81,307,101
575,Spurs,DEF,Micky,van de Ven,Van de Ven,,2023-08-08,2001-04-19,116,10,431,3041,35,4,1,9,50,0,0,0,9,1,0,174,121,38,212,2.82,0.38,3.20,42.99,3.3,143,50,0.0,1.48,1.04,0.27,6.27,0.08,0.01,0.09,1.27,683.4,95.2,218.0,99.6,57,25,301,96,169,38,150,47
576,Spurs,DEF,Ashley,Phillips,Phillips,,2023-08-05,2005-06-26,0,0,0,0,0,0,0,0,0,0,0,0,0,0,0,0,0,0,0,0.00,0.00,0.00,0.00,0.0,628,229,0.0,0.0,0.0,0.0,0.0,0.0,0.0,0.0,0.0,0.0,0.0,0.0,0.0,618,230,610,229,580,226,621,230
577,Spurs,DEF,Takai,Kōta,Takai,,2025-07-08,2004-09-04,0,0,0,0,0,0,0,0,0,0,0,0,0,0,0,0,0,0,0,0.00,0.00,0.00,0.00,0.0,630,230,0.0,0.0,0.0,0.0,0.0,0.0,0.0,0.0,0.0,0.0,0.0,0.0,0.0,620,231,612,230,582,227,623,231
578,Spurs,DEF,Luka,Vušković,Vuskovic,,2025-06-01,2007-02-24,0,0,0,0,0,0,0,0,0,0,0,0,0,0,0,0,0,0,0,0.00,0.00,0.00,0.00,0.0,589,211,0.0,0.0,0.0,0.0,0.0,0.0,0.0,0.0,0.0,0.0,0.0,0.0,0.0,578,211,564,210,533,206,581,211
579,Spurs,MID,Son,Heung-min,Son,,2015-08-28,1992-07-08,0,0,0,0,0,0,0,0,0,0,0,0,0,0,0,0,0,0,0,0.00,0.00,0.00,0.00,0.0,841,379,0.0,0.0,0.0,0.0,0.0,0.0,0.0,0.0,0.0,0.0,0.0,0.0,0.0,841,379,841,379,841,379,841,379
581,Spurs,MID,James,Maddison,Maddison,,2023-06-28,1996-11-23,3,0,5,34,0,0,0,0,0,0,0,0,0,0,0,0,4,1,5,0.21,0.06,0.27,0.65,1.0,522,243,0.0,0.0,0.0,0.0,13.24,0.56,0.16,0.72,1.72,2.8,9.5,15.0,2.8,507,232,449,216,415,204,480,216
582,Spurs,MID,Mohammed,Kudus,Kudus,,2025-07-10,2000-08-02,75,7,257,1535,19,2,6,7,20,0,0,0,3,0,0,9,95,29,133,1.92,2.41,4.33,22.74,3.9,75,35,0.0,1.17,1.11,0.41,7.8,0.11,0.14,0.25,1.33,333.4,413.8,302.0,104.7,224,93,83,59,113,68,136,73
583,Spurs,MID,Dejan,Kulusevski,Kulusevski,,2023-07-01,2000-04-25,0,0,0,0,0,0,0,0,0,0,0,0,0,0,0,0,0,0,0,0.00,0.00,0.00,0.00,0.0,836,376,0.0,0.0,0.0,0.0,0.0,0.0,0.0,0.0,0.0,0.0,0.0,0.0,0.0,836,376,836,376,836,376,836,376
584,Spurs,MID,Mathys,Tel,Tel,,2025-07-01,2005-04-27,78,7,266,1334,13,4,2,3,23,0,0,0,1,0,0,19,72,20,111,2.47,2.43,4.89,17.29,2.5,284,117,0.0,1.55,0.88,0.2,7.49,0.17,0.16,0.33,1.17,303.4,457.2,312.0,107.6,244,104,70,54,108,65,127,71
585,Spurs,MID,Rodrigo,Bentancur,Bentancur,,2022-01-31,1997-06-25,86,4,366,1880,23,1,1,8,25,0,0,0,7,0,0,91,131,56,278,0.72,0.84,1.56,23.65,3.3,150,64,0.0,1.2,1.1,0.38,13.31,0.03,0.04,0.07,1.13,349.0,197.8,124.0,67.4,212,84,210,138,259,143,246,120
586,Spurs,MID,Lucas,Bergvall,Bergvall,,2024-07-01,2006-02-02,49,0,163,955,11,1,3,3,18,0,0,0,2,0,0,18,39,22,79,1.23,0.43,1.66,13.66,2.1,336,143,0.0,1.7,1.04,0.28,7.45,0.12,0.04,0.16,1.29,164.6,106.4,147.0,41.5,336,151,296,170,237,130,335,160
587,Spurs,MID,Yves,Bissouma,Bissouma,,2022-06-17,1996-08-30,17,0,99,600,7,0,0,1,17,0,0,0,4,0,0,26,30,18,74,0.36,0.10,0.46,12.21,1.5,426,185,0.0,2.55,1.05,0.15,11.1,0.05,0.02,0.07,1.83,89.6,25.5,23.0,13.7,399,175,402,202,394,197,416,188
588,Spurs,MID,Wilson,Odobert,Odobert,,2024-08-16,2004-11-28,46,6,176,972,10,0,2,2,13,0,0,0,0,0,0,14,53,10,77,1.92,1.21,3.13,14.24,1.9,364,156,0.0,1.2,0.93,0.19,7.13,0.18,0.11,0.29,1.32,158.8,284.3,234.0,67.6,342,155,154,101,153,83,245,119
589,Spurs,MID,Manor,Solomon,Solomon,,2023-07-11,1999-07-24,0,0,0,0,0,0,0,0,0,0,0,0,0,0,0,0,0,0,0,0.00,0.00,0.00,0.00,0.0,823,366,0.0,0.0,0.0,0.0,0.0,0.0,0.0,0.0,0.0,0.0,0.0,0.0,0.0,823,366,823,366,822,366,823,366
590,Spurs,MID,Bryan,Gil Salvatierra,Bryan,,2021-07-26,2001-02-11,0,0,0,0,0,0,0,0,0,0,0,0,0,0,0,0,0,0,0,0.00,0.00,0.00,0.00,0.0,796,347,0.0,0.0,0.0,0.0,0.0,0.0,0.0,0.0,0.0,0.0,0.0,0.0,0.0,796,347,792,347,789,346,796,347
591,Spurs,MID,Archie,Gray,Gray,,2024-07-02,2006-03-12,61,6,237,1471,18,2,2,5,28,0,0,0,5,0,0,65,56,11,132,1.50,1.29,2.79,24.80,2.5,274,111,0.0,1.71,1.1,0.31,8.08,0.09,0.08,0.17,1.52,259.4,138.1,158.0,55.5,271,114,261,163,229,124,284,144
592,Spurs,MID,Mikey,Moore,Moore,,2024-05-01,2007-08-11,0,0,0,0,0,0,0,0,0,0,0,0,0,0,0,0,0,0,0,0.00,0.00,0.00,0.00,0.0,813,360,0.0,0.0,0.0,0.0,0.0,0.0,0.0,0.0,0.0,0.0,0.0,0.0,0.0,813,360,812,360,809,359,813,360
593,Spurs,MID,Pape Matar,Sarr,P.M.Sarr,Pape Matar Sarr,2021-08-27,2002-09-14,71,2,313,1388,13,2,4,3,23,0,0,0,3,0,0,74,77,32,183,1.63,1.11,2.74,26.67,2.7,239,93,0.0,1.49,0.84,0.19,11.87,0.11,0.07,0.18,1.73,336.0,188.3,156.0,68.2,221,91,218,144,230,125,242,118
594,Spurs,MID,Yang,Min-hyeok,Min-hyeok,,2025-01-01,2006-04-16,0,0,0,0,0,0,0,0,0,0,0,0,0,0,0,0,0,0,0,0.00,0.00,0.00,0.00,0.0,772,330,0.0,0.0,0.0,0.0,0.0,0.0,0.0,0.0,0.0,0.0,0.0,0.0,0.0,772,330,765,329,752,326,772,330
595,Spurs,MID,Callum,Olusesi,Olusesi,,2024-11-06,2007-03-11,1,0,3,14,0,0,0,0,0,0,0,0,0,0,0,0,2,0,2,0.00,0.01,0.01,0.75,1.0,478,208,0.0,0.0,0.0,0.0,12.86,0.0,0.06,0.06,4.82,0.6,1.8,0.0,0.2,522,237,481,231,632,237,523,240
596,Spurs,FWD,Dominic,Solanke-Mitchell,Solanke,,2024-08-10,1997-09-14,40,4,187,997,11,3,0,0,21,0,0,0,1,0,0,16,33,22,71,2.97,0.34,3.30,17.80,2.7,252,28,0.0,1.9,0.99,0.0,6.41,0.27,0.03,0.3,1.61,205.0,84.1,339.0,62.7,307,31,316,39,95,29,259,30
597,Spurs,FWD,Richarlison,de Andrade,Richarlison,Richarlison,2022-07-01,1997-05-10,119,17,505,1954,20,11,4,7,27,0,0,0,5,0,0,60,60,27,147,8.64,1.46,10.10,25.64,3.7,94,8,0.0,1.24,0.92,0.32,6.77,0.4,0.07,0.47,1.18,602.6,239.6,815.0,165.2,82,7,173,17,13,6,44,8
598,Spurs,FWD,Will,Lankshear,Lankshear,,2022-12-08,2005-04-20,0,0,0,0,0,0,0,0,0,0,0,0,0,0,0,0,0,0,0,0.00,0.00,0.00,0.00,0.0,739,79,0.0,0.0,0.0,0.0,0.0,0.0,0.0,0.0,0.0,0.0,0.0,0.0,0.0,735,78,729,77,713,76,736,78
599,Spurs,FWD,Dane,Scarlett,Scarlett,,2020-08-21,2004-03-24,2,0,5,7,0,0,0,0,0,0,0,0,0,0,0,0,1,0,1,0.00,0.01,0.01,0.03,1.0,476,56,0.0,0.0,0.0,0.0,12.86,0.0,0.13,0.13,0.39,1.0,4.1,2.0,0.7,519,63,466,60,460,62,508,61
673,Spurs,MID,João Maria,Lobo Alves Palhares Costa Palhinha Gonçalves,J.Palhinha,João Palhinha,2025-08-03,1995-07-09,126,17,518,2192,23,5,3,5,37,0,0,0,8,0,0,100,92,110,302,2.72,0.65,3.37,32.60,3.8,82,38,0.0,1.52,0.94,0.21,12.4,0.11,0.03,0.14,1.34,638.0,147.8,295.0,108.3,71,20,253,160,118,70,125,70
717,Spurs,MID,Xavi,Simons,Xavi,,2025-08-29,2003-04-21,80,7,345,1747,19,2,5,4,36,0,0,0,5,1,0,28,87,34,149,3.06,3.85,6.91,30.71,2.9,214,84,0.0,1.85,0.98,0.21,7.68,0.16,0.2,0.36,1.58,349.6,533.8,255.0,113.9,210,83,52,45,139,76,112,63
726,Spurs,FWD,Randal,Kolo Muani,Kolo Muani,,2025-09-01,1998-12-05,52,1,150,1655,21,1,1,4,31,0,0,0,3,0,0,22,64,28,114,2.07,1.63,3.70,25.24,1.7,408,48,0.0,1.69,1.14,0.22,6.2,0.11,0.09,0.2,1.37,169.6,267.3,287.0,71.0,330,33,162,15,122,31,234,29
745,Spurs,DEF,Jun'ai,Byfield,Byfield,,2025-07-25,2008-12-06,1,0,3,1,0,0,0,0,0,0,0,0,0,0,0,0,0,0,0,0.00,0.00,0.00,0.00,1.0,473,173,0.0,0.0,0.0,0.0,0.0,0.0,0.0,0.0,0.0,0.4,0.5,0.0,0.1,523,182,492,178,602,244,527,182
750,Spurs,DEF,James,Rowswell,Rowswell,,2025-07-25,2006-07-13,1,0,3,1,0,0,0,0,0,0,0,0,0,0,0,0,0,0,0,0.00,0.00,0.00,0.36,1.0,470,170,0.0,0.0,0.0,0.0,0.0,0.0,0.0,0.0,32.4,0.0,0.0,0.0,0.0,609,225,600,224,569,220,612,225
751,Spurs,MID,Yusuf,Akhamrich,Akhamrich,,2025-07-25,2005-09-05,0,0,0,0,0,0,0,0,0,0,0,0,0,0,0,0,0,0,0,0.00,0.00,0.00,0.00,0.0,757,317,0.0,0.0,0.0,0.0,0.0,0.0,0.0,0.0,0.0,0.0,0.0,0.0,0.0,755,316,748,315,735,312,755,316
790,Spurs,MID,Lucá,Williams-Barnett,Williams-Barnett,,2025-07-25,2008-10-01,0,0,0,0,0,0,0,0,0,0,0,0,0,0,0,0,0,0,0,0.00,0.00,0.00,0.00,0.0,767,326,0.0,0.0,0.0,0.0,0.0,0.0,0.0,0.0,0.0,0.0,0.0,0.0,0.0,767,326,760,325,747,322,767,326
796,Spurs,MID,Conor,Gallagher,Gallagher,,2026-01-14,2000-02-06,44,3,211,1183,14,1,1,2,23,0,0,0,2,0,0,29,73,22,124,1.23,0.70,1.93,19.03,2.8,223,85,0.0,1.75,1.07,0.15,9.43,0.09,0.05,0.14,1.45,190.6,205.9,154.0,55.1,318,139,200,132,233,127,286,146
804,Spurs,DEF,João Victor,de Souza Menezes,Souza,Souza,2026-01-22,2006-06-16,3,0,0,142,2,0,0,0,3,0,0,0,1,0,0,6,3,0,6,0.02,0.03,0.05,2.61,0.8,530,180,0.0,1.9,1.27,0.0,3.8,0.01,0.02,0.03,1.65,12.8,31.9,17.0,6.2,474,171,395,143,412,151,458,164
811,Spurs,MID,Rio,Kyerematen,Kyerematen,,2024-05-21,2005-06-09,0,0,0,0,0,0,0,0,0,0,0,0,0,0,0,0,0,0,0,0.00,0.00,0.00,0.00,0.0,734,298,0.0,0.0,0.0,0.0,0.0,0.0,0.0,0.0,0.0,0.0,0.0,0.0,0.0,729,294,724,295,707,289,730,295
818,Spurs,FWD,James,Wilson,Wilson,,2026-02-21,2007-03-06,0,0,0,0,0,0,0,0,0,0,0,0,0,0,0,0,0,0,0,0.00,0.00,0.00,0.00,0.0,768,83,0.0,0.0,0.0,0.0,0.0,0.0,0.0,0.0,0.0,0.0,0.0,0.0,0.0,768,83,761,82,748,82,768,83
326,West Ham,MID,Adama,Traoré Diarra,Adama,,2026-01-28,1996-01-25,25,0,74,376,1,0,0,0,12,0,0,0,1,0,0,2,14,2,18,0.69,0.57,1.26,8.38,1.0,515,237,0.0,2.87,0.24,0.0,4.31,0.17,0.14,0.31,2.01,33.4,73.8,70.0,17.2,448,196,337,180,325,167,405,185
600,West Ham,GKP,Alphonse,Areola,Areola,,2022-07-01,1993-02-27,51,2,220,1800,20,0,1,0,37,0,0,0,0,0,77,30,142,0,0,0.00,0.00,0.00,35.30,2.5,272,28,3.85,1.85,1.0,0.0,0.0,0.0,0.0,0.0,1.76,570.4,10.0,0.0,57.9,96,16,439,10,615,69,277,16
601,West Ham,GKP,Wes,Foderingham,Foderingham,,2024-07-01,1991-01-14,0,0,0,0,0,0,0,0,0,0,0,0,0,0,0,0,0,0,0,0.00,0.00,0.00,0.00,0.0,592,67,0.0,0.0,0.0,0.0,0.0,0.0,0.0,0.0,0.0,0.0,0.0,0.0,0.0,581,67,569,53,538,38,584,67
602,West Ham,GKP,Krisztián,Hegyi,Hegyi,,2022-08-24,2002-09-24,0,0,0,0,0,0,0,0,0,0,0,0,0,0,0,0,0,0,0,0.00,0.00,0.00,0.00,0.0,576,58,0.0,0.0,0.0,0.0,0.0,0.0,0.0,0.0,0.0,0.0,0.0,0.0,0.0,565,58,550,41,519,26,568,58
603,West Ham,DEF,El Hadji Malick,Diouf,Diouf,El Hadji Malick Diouf,2025-07-15,2004-12-29,104,3,381,2706,30,0,6,9,47,0,0,0,6,0,0,161,125,44,205,0.57,2.51,3.08,43.65,3.2,158,56,0.0,1.56,1.0,0.3,6.82,0.02,0.08,0.1,1.45,583.6,480.2,133.0,119.8,89,38,64,11,247,63,102,27
604,West Ham,DEF,Emerson,Palmieri dos Santos,Emerson,,2022-08-23,1994-08-03,0,0,0,0,0,0,0,0,0,0,0,0,0,0,0,0,0,0,0,0.00,0.00,0.00,0.00,0.0,682,257,0.0,0.0,0.0,0.0,0.0,0.0,0.0,0.0,0.0,0.0,0.0,0.0,0.0,673,257,668,257,647,256,675,257
605,West Ham,DEF,Maximilian,Kilman,Kilman,,2024-07-05,1997-05-23,36,0,80,1559,17,0,0,1,37,0,0,0,4,0,0,144,43,16,160,0.56,0.25,0.81,33.28,1.7,392,143,0.0,2.14,0.98,0.06,9.24,0.03,0.01,0.04,1.92,392.4,55.8,60.0,50.9,188,76,359,127,337,109,300,96
606,West Ham,DEF,Konstantinos,Mavropanos,Mavropanos,,2023-08-22,1997-12-11,122,5,386,2532,27,3,0,6,44,2,0,0,2,0,0,273,103,40,313,2.47,0.70,3.17,41.03,3.9,70,26,0.0,1.56,0.96,0.21,11.13,0.09,0.02,0.11,1.46,777.2,66.6,294.0,113.8,36,14,343,118,119,20,113,31
607,West Ham,DEF,Nayef,Aguerd,N.Aguerd,,2022-06-21,1996-03-30,3,0,-1,180,2,0,0,0,8,0,0,0,0,0,0,14,8,1,15,0.10,0.03,0.13,3.42,1.5,421,153,0.0,4.0,1.0,0.0,7.5,0.05,0.02,0.07,1.71,39.0,3.9,8.0,5.1,440,162,467,167,431,162,462,165
608,West Ham,DEF,Ollie,Scarles,Scarles,,2022-10-01,2005-12-12,21,0,88,656,9,0,1,0,16,0,0,0,2,0,0,44,35,30,74,0.18,0.32,0.50,13.38,1.6,411,150,0.0,2.2,1.23,0.0,10.15,0.02,0.04,0.06,1.84,142.2,82.1,22.0,24.6,354,133,323,107,397,141,383,132
609,West Ham,DEF,Jean-Clair,Todibo,Todibo,,2025-07-01,1999-12-30,46,1,160,1817,22,0,1,1,37,0,0,0,5,1,0,128,89,37,165,0.25,0.32,0.57,33.73,2.0,346,129,0.0,1.83,1.09,0.05,8.17,0.01,0.02,0.03,1.67,383.4,66.6,26.0,47.7,190,77,342,117,389,138,313,104
610,West Ham,DEF,Aaron,Wan-Bissaka,Wan-Bissaka,,2024-08-13,1997-11-26,67,0,203,2080,23,0,3,3,43,0,0,0,4,0,0,141,75,33,174,0.00,1.00,1.00,35.44,2.7,233,92,0.0,1.86,1.0,0.13,7.53,0.0,0.04,0.04,1.53,432.0,305.6,30.0,77.2,165,68,144,36,380,131,213,76
611,West Ham,DEF,Kaelan,Casey,Casey,,2022-11-01,2004-10-28,0,0,0,0,0,0,0,0,0,0,0,0,0,0,0,0,0,0,0,0.00,0.00,0.00,0.00,0.0,626,227,0.0,0.0,0.0,0.0,0.0,0.0,0.0,0.0,0.0,0.0,0.0,0.0,0.0,616,228,608,227,577,223,619,228
612,West Ham,MID,Lucas,Tolentino Coelho de Lima,L.Paquetá,,2022-08-29,1997-08-27,69,8,291,1513,18,4,2,3,33,0,0,0,5,1,0,30,76,40,146,2.85,2.00,4.85,24.22,3.8,84,40,0.0,1.96,1.07,0.18,8.68,0.17,0.12,0.29,1.44,374.6,397.2,186.0,95.7,197,76,92,66,201,105,161,82
613,West Ham,MID,Tomáš,Souček,Souček,,2020-07-28,1995-02-27,103,9,428,2190,24,5,2,7,43,0,0,0,3,1,0,115,66,43,224,5.73,0.52,6.25,38.47,2.9,211,81,0.0,1.77,0.99,0.29,9.21,0.24,0.02,0.26,1.58,526.6,191.9,483.0,120.4,120,37,214,142,58,33,100,58
615,West Ham,MID,Crysencio,Summerville,Summerville,,2024-08-03,2001-10-30,110,10,412,2470,29,5,4,8,42,0,0,0,6,0,0,50,120,45,215,5.43,3.35,8.78,37.57,3.5,121,52,0.0,1.53,1.06,0.29,7.83,0.2,0.12,0.32,1.37,445.8,460.9,546.0,145.0,153,53,68,53,47,26,64,41
616,West Ham,MID,Edson,Álvarez Velázquez,Álvarez,,2023-08-10,1997-10-24,0,0,0,0,0,0,0,0,0,0,0,0,0,0,0,0,0,0,0,0.00,0.00,0.00,0.00,0.0,792,343,0.0,0.0,0.0,0.0,0.0,0.0,0.0,0.0,0.0,0.0,0.0,0.0,0.0,792,343,788,343,785,342,792,343
617,West Ham,MID,Maxwel,Cornet,Cornet,,2022-08-07,1996-09-27,0,0,0,0,0,0,0,0,0,0,0,0,0,0,0,0,0,0,0,0.00,0.00,0.00,0.00,0.0,789,341,0.0,0.0,0.0,0.0,0.0,0.0,0.0,0.0,0.0,0.0,0.0,0.0,0.0,789,341,785,341,782,340,789,341
618,West Ham,MID,Guido,Rodríguez,G.Rodriguez,,2024-08-06,1994-04-12,8,0,30,175,2,0,0,1,2,0,0,0,1,0,0,4,10,1,15,0.03,0.04,0.07,2.59,1.3,446,196,0.0,1.03,1.03,0.51,7.71,0.02,0.02,0.04,1.33,9.8,6.0,2.0,1.7,481,213,460,220,466,230,493,222
619,West Ham,MID,Luis Guilherme,Lira dos Santos,L.Guilherme,,2024-06-14,2006-02-09,5,0,11,121,1,0,0,0,2,0,0,0,0,0,0,2,8,1,11,0.07,0.03,0.10,1.82,1.0,510,233,0.0,1.49,0.74,0.0,8.18,0.05,0.02,0.07,1.35,9.2,14.5,4.0,2.5,482,214,425,208,450,221,483,217
620,West Ham,MID,George,Earthy,Earthy,,2023-07-14,2004-09-05,1,0,3,8,0,0,0,0,1,0,0,0,0,0,0,0,0,0,0,0.00,0.01,0.01,0.73,1.0,490,218,0.0,11.25,0.0,0.0,0.0,0.0,0.11,0.11,8.21,0.0,1.5,2.0,0.4,719,284,486,234,463,227,516,234
621,West Ham,MID,Andy,Irving,Irving,,2023-08-31,2000-05-13,9,0,49,156,2,0,0,0,4,0,0,0,0,0,0,2,14,6,22,0.00,0.17,0.17,4.03,1.3,442,193,0.0,2.31,1.15,0.0,12.69,0.0,0.1,0.1,2.32,31.6,52.3,2.0,8.6,450,198,365,190,458,224,442,199
622,West Ham,MID,Lewis,Orford,Orford,,2022-11-01,2006-02-18,0,0,0,0,0,0,0,0,0,0,0,0,0,0,0,0,0,0,0,0.00,0.00,0.00,0.00,0.0,692,268,0.0,0.0,0.0,0.0,0.0,0.0,0.0,0.0,0.0,0.0,0.0,0.0,0.0,684,261,680,264,659,255,686,263
623,West Ham,MID,Freddie,Potts,Potts,,2021-12-08,2003-09-12,37,0,215,1162,12,0,1,1,25,0,0,0,1,0,0,51,39,29,119,0.21,1.06,1.27,21.35,1.7,394,169,0.0,1.94,0.93,0.08,9.22,0.02,0.08,0.1,1.65,191.2,141.3,37.0,37.1,316,138,258,162,365,186,344,164
624,West Ham,FWD,Jarrod,Bowen,Bowen,,2020-01-31,1996-12-20,187,28,731,3406,38,9,13,8,63,0,0,0,4,0,0,73,159,49,281,7.22,5.21,12.43,58.16,4.9,16,3,0.0,1.66,1.0,0.21,7.43,0.19,0.14,0.33,1.54,881.4,694.0,813.0,238.9,18,3,27,1,14,7,8,3
625,West Ham,FWD,Niclas,Füllkrug,Füllkrug,,2024-08-05,1993-02-09,12,0,28,407,5,0,0,1,11,0,0,0,0,0,0,7,10,2,19,0.93,0.21,1.14,8.59,1.5,427,50,0.0,2.43,1.11,0.22,4.2,0.21,0.05,0.26,1.9,26.0,85.1,130.0,23.8,455,52,312,36,253,48,387,49
626,West Ham,FWD,Callum,Marshall,Marshall,,2023-09-26,2004-11-28,2,0,0,58,0,0,0,0,2,0,0,0,0,0,0,2,1,0,3,0.13,0.00,0.13,1.55,1.0,480,57,0.0,3.1,0.0,0.0,4.66,0.2,0.0,0.2,2.41,1.2,0.1,7.0,0.8,518,62,500,63,436,60,507,60
659,West Ham,DEF,Kyle,Walker-Peters,Walker-Peters,,2025-07-20,1997-04-13,53,0,219,1378,15,1,0,4,25,0,0,0,2,0,0,49,59,44,93,1.13,0.37,1.50,27.62,2.3,303,116,0.0,1.63,0.98,0.26,6.07,0.07,0.02,0.09,1.8,267.0,124.5,106.0,49.8,268,107,279,80,277,79,306,100
671,West Ham,FWD,Callum,Wilson,Wilson,,2025-08-02,1992-02-27,80,7,296,1234,11,7,2,1,24,0,0,0,1,0,0,10,27,4,41,7.60,0.54,8.14,21.49,2.5,279,31,0.0,1.75,0.8,0.07,2.99,0.55,0.04,0.59,1.57,305.2,109.0,509.0,91.1,241,23,291,33,52,22,172,26
679,West Ham,GKP,Mads,Hermansen,Hermansen,,2025-08-09,2000-07-11,76,8,282,1620,18,0,1,7,28,0,0,0,0,0,55,20,168,0,0,0.00,0.01,0.01,23.98,4.2,44,4,3.06,1.56,1.0,0.39,0.0,0.0,0.0,0.0,1.33,422.0,20.0,0.0,44.2,171,21,414,7,619,73,326,21
708,West Ham,MID,Mateus Gonçalo,Espanha Fernandes,M.Fernandes,Mateus Fernandes,2025-08-29,2004-07-10,135,7,659,3017,35,3,4,8,50,0,0,0,7,0,0,84,182,103,369,1.99,2.96,4.95,48.30,3.8,83,39,0.0,1.49,1.04,0.24,11.01,0.06,0.09,0.15,1.44,657.2,622.8,183.0,146.3,64,17,34,31,207,108,62,40
718,West Ham,MID,Soungoutou,Magassa,S.Magassa,,2025-08-30,2003-10-08,42,2,185,971,11,1,0,2,23,0,0,0,4,0,0,33,54,40,127,0.44,0.32,0.76,19.03,1.9,363,155,0.0,2.13,1.02,0.19,11.77,0.04,0.03,0.07,1.76,182.0,83.4,44.0,31.0,323,143,319,176,353,183,367,173
738,West Ham,GKP,Lukasz,Fabianski,Fabianski,,2025-09-10,1985-04-18,0,0,0,0,0,0,0,0,0,0,0,0,0,0,0,0,0,0,0,0.00,0.00,0.00,0.00,0.0,704,94,0.0,0.0,0.0,0.0,0.0,0.0,0.0,0.0,0.0,0.0,0.0,0.0,0.0,698,94,693,88,674,78,700,94
747,West Ham,DEF,Ezra,Mayers,Mayers,,2024-11-29,2007-01-16,6,0,18,113,0,0,0,0,3,0,0,0,0,0,0,5,6,0,5,0.12,0.49,0.61,3.21,1.0,472,172,0.0,2.39,0.0,0.0,3.98,0.1,0.39,0.49,2.56,21.8,34.9,9.0,6.6,462,169,389,140,430,161,455,163
752,West Ham,DEF,Airidas,Golambeckis,Golambeckis,,2025-07-23,2007-11-04,0,0,0,0,0,0,0,0,0,0,0,0,0,0,0,0,0,0,0,0.00,0.00,0.00,0.00,0.0,651,248,0.0,0.0,0.0,0.0,0.0,0.0,0.0,0.0,0.0,0.0,0.0,0.0,0.0,641,249,633,248,604,246,644,249
758,West Ham,MID,Mohamadou,Kanté,Mohamadou Kanté,,2024-08-22,2005-09-20,9,0,29,67,0,0,0,0,1,0,0,0,2,0,0,3,7,6,16,0.07,0.04,0.11,2.00,0.8,531,245,0.0,1.34,0.0,0.0,21.49,0.09,0.05,0.14,2.69,18.0,13.2,12.0,4.0,467,207,429,211,422,206,471,210
785,West Ham,FWD,Pablo Felipe,Pereira de Jesus,Pablo,Pablo,2026-01-02,2004-01-02,26,0,102,819,10,0,1,3,12,0,0,0,0,0,0,18,28,26,72,1.05,1.11,2.16,12.82,1.9,367,40,0.0,1.32,1.1,0.33,7.91,0.12,0.12,0.24,1.41,111.8,191.5,108.0,41.3,385,44,216,21,276,50,337,42
791,West Ham,FWD,Valentín,Castellanos,Taty,,2026-01-05,1998-10-03,61,5,243,1384,17,6,1,9,16,0,0,0,6,0,0,29,31,11,71,5.75,0.81,6.56,19.75,3.4,137,14,0.0,1.04,1.11,0.59,4.62,0.37,0.05,0.42,1.28,280.6,175.5,595.0,103.9,259,25,229,24,38,17,140,22
802,West Ham,MID,Keiber,Lamadrid,Lamadrid,,2026-01-22,2003-11-18,0,0,0,0,0,0,0,0,0,0,0,0,0,0,0,0,0,0,0,0.00,0.00,0.00,0.00,0.0,816,362,0.0,0.0,0.0,0.0,0.0,0.0,0.0,0.0,0.0,0.0,0.0,0.0,0.0,816,362,815,362,812,361,816,362
815,West Ham,DEF,Axel,Disasi,Disasi,,2026-02-02,1998-03-11,49,1,186,1254,14,0,0,6,17,1,0,0,1,0,0,74,32,14,88,1.10,0.03,1.13,18.54,3.5,113,42,0.0,1.22,1.0,0.43,6.32,0.08,0.0,0.08,1.33,220.8,19.9,84.0,32.4,293,115,415,151,306,93,360,122
825,West Ham,GKP,Finlay,Herrick,Herrick,,2024-08-02,2006-01-18,0,0,0,0,0,0,0,0,0,0,0,0,0,0,0,0,0,0,0,0.00,0.00,0.00,0.00,0.0,631,87,0.0,0.0,0.0,0.0,0.0,0.0,0.0,0.0,0.0,0.0,0.0,0.0,0.0,621,87,613,77,583,62,624,87
627,Wolves,GKP,Sam,Johnstone,Johnstone,,2024-08-30,1993-03-25,21,0,117,1080,12,0,0,0,24,1,0,0,0,0,39,24,107,2,0,0.00,0.02,0.02,18.59,1.8,379,37,3.25,2.0,1.0,0.0,0.0,0.0,0.0,0.0,1.55,308.0,0.1,0.0,30.8,240,23,501,18,646,76,368,23
628,Wolves,GKP,José,Malheiro de Sá,José Sá,José Sá,2021-07-15,1993-01-17,68,8,303,2070,23,0,0,4,37,0,0,0,2,0,65,46,217,1,0,0.00,0.04,0.04,35.24,3.0,190,23,2.83,1.61,1.0,0.17,0.0,0.0,0.0,0.0,1.53,514.2,10.0,0.0,52.8,126,19,440,11,616,70,293,19
629,Wolves,GKP,Daniel,Bentley,Bentley,,2023-01-25,1993-07-13,6,0,24,270,3,0,0,0,7,0,0,0,0,0,7,5,26,0,0,0.00,0.00,0.00,5.10,2.0,341,33,2.33,2.33,1.0,0.0,0.0,0.0,0.0,0.0,1.7,65.4,0.0,0.0,6.5,421,35,533,27,502,12,456,35
631,Wolves,DEF,Emmanuel,Agbadou,Agbadou,,2025-01-09,1997-06-17,23,0,86,1100,12,0,0,0,29,0,0,0,1,1,0,93,65,32,125,0.57,0.40,0.97,18.26,1.6,410,149,0.0,2.37,0.98,0.0,10.23,0.05,0.03,0.08,1.49,312.2,76.0,75.0,46.4,237,94,334,113,314,99,320,106
632,Wolves,DEF,Matt,Doherty,Doherty,,2023-07-20,1992-01-16,14,0,59,786,11,0,0,1,15,0,0,0,4,0,0,50,28,16,66,0.09,0.19,0.28,14.13,1.3,443,160,0.0,1.72,1.26,0.11,7.56,0.01,0.02,0.03,1.62,132.4,51.1,20.0,20.5,367,137,366,130,403,144,394,139
633,Wolves,DEF,Hugo,Bueno López,H.Bueno,Hugo Bueno,2021-01-29,2002-09-18,83,4,325,2359,26,1,3,4,44,0,0,0,3,0,0,108,115,64,172,0.86,3.49,4.35,40.19,2.4,288,112,0.0,1.68,0.99,0.15,6.56,0.03,0.13,0.16,1.53,554.6,673.9,172.0,140.4,103,47,30,2,216,56,67,11
634,Wolves,DEF,Yerson,Mosquera Valdelamar,Mosquera,,2021-06-17,2001-05-02,61,3,209,2137,24,0,0,4,40,2,0,0,12,0,0,159,93,60,219,2.51,0.62,3.13,36.42,2.3,305,117,0.0,1.68,1.01,0.17,9.22,0.11,0.03,0.14,1.53,426.0,140.4,268.0,83.5,168,69,259,67,132,25,194,68
635,Wolves,DEF,Rodrigo,Martins Gomes,R.Gomes,Rodrigo Gomes,2024-07-01,2003-07-07,48,0,100,954,9,3,0,1,18,0,0,0,0,0,0,23,33,22,45,2.13,0.39,2.52,14.08,2.2,317,122,0.0,1.7,0.85,0.09,4.25,0.2,0.04,0.24,1.33,185.6,75.5,221.0,48.2,320,124,335,114,162,34,309,102
636,Wolves,DEF,Santiago,Ignacio Bueno,S.Bueno,Santiago Bueno,2023-08-31,1998-11-09,92,4,310,2552,28,3,2,4,47,0,0,0,4,0,0,165,66,51,216,2.28,1.45,3.73,43.72,3.2,161,59,0.0,1.66,0.99,0.14,7.62,0.08,0.05,0.13,1.54,611.2,131.8,259.0,100.0,78,34,269,74,137,26,148,45
637,Wolves,DEF,Toti,Gomes,Toti,Toti Gomes,2022-01-14,1999-01-16,41,0,140,1423,17,0,0,1,33,0,0,0,1,1,0,120,53,23,143,0.53,0.29,0.82,25.43,2.2,316,121,0.0,2.09,1.08,0.06,9.04,0.03,0.02,0.05,1.61,349.0,92.7,73.0,51.7,211,88,304,98,319,102,298,94
638,Wolves,DEF,Ki-Jana,Hoever,Hoever,,2020-09-19,2002-01-18,10,0,38,423,6,0,0,0,13,0,0,0,0,0,0,27,16,13,40,0.02,0.36,0.38,9.36,1.2,451,161,0.0,2.77,1.28,0.0,8.51,0.0,0.08,0.08,1.99,101.4,87.8,13.0,20.3,392,146,309,101,420,156,395,140
639,Wolves,DEF,Bastien,Meupiyou Menadjou,Meupiyou,,2024-08-29,2006-03-19,0,0,0,0,0,0,0,0,0,0,0,0,0,0,0,0,0,0,0,0.00,0.00,0.00,0.00,0.0,633,232,0.0,0.0,0.0,0.0,0.0,0.0,0.0,0.0,0.0,0.0,0.0,0.0,0.0,623,233,615,232,585,229,626,233
640,Wolves,DEF,Pedro,Cardoso de Lima,Pedro Lima,Pedro Lima,2024-07-02,2006-07-01,10,0,18,257,3,0,0,0,6,0,0,0,0,0,0,11,11,8,19,0.35,0.37,0.72,4.54,1.1,457,163,0.0,2.1,1.05,0.0,6.65,0.12,0.13,0.25,1.59,36.4,48.5,39.0,12.3,443,163,372,132,360,122,423,152
641,Wolves,DEF,Alfie,Pond,Pond,,2024-09-17,2004-03-01,0,0,0,0,0,0,0,0,0,0,0,0,0,0,0,0,0,0,0,0.00,0.00,0.00,0.00,0.0,580,206,0.0,0.0,0.0,0.0,0.0,0.0,0.0,0.0,0.0,0.0,0.0,0.0,0.0,569,206,555,205,524,201,572,206
642,Wolves,MID,Hwang,Hee-chan,Hee Chan,Hwang Hee-Chan,2022-07-01,1996-01-26,54,0,165,1439,18,2,2,2,29,0,0,0,5,0,0,29,57,10,96,2.37,1.57,3.94,23.37,2.1,338,145,0.0,1.81,1.13,0.13,6.0,0.15,0.1,0.25,1.46,163.4,216.5,166.0,53.4,339,153,187,124,220,119,291,149
643,Wolves,MID,André,Trindade da Costa Neto,André,André,2024-08-30,2001-07-16,96,4,473,2760,30,1,0,2,53,0,0,0,12,0,0,90,212,81,383,0.52,0.99,1.51,47.29,2.7,244,97,0.0,1.73,0.98,0.07,12.49,0.02,0.03,0.05,1.54,423.0,320.6,46.0,78.9,169,63,130,90,350,181,210,100
644,Wolves,MID,Jean-Ricner,Bellegarde,Bellegarde,,2023-09-01,1998-06-27,44,0,208,1239,15,1,1,3,30,0,0,0,5,0,0,33,44,28,105,1.04,1.06,2.10,23.51,1.7,405,175,0.0,2.18,1.09,0.22,7.63,0.08,0.08,0.16,1.71,195.4,210.3,145.0,54.6,315,137,195,129,238,131,288,147
645,Wolves,MID,Fer,López González,Fer López,,2025-06-20,2004-05-24,12,0,38,228,2,0,1,0,9,0,0,0,1,0,0,1,10,1,12,0.16,0.61,0.77,3.98,1.3,449,199,0.0,3.55,0.79,0.0,4.74,0.06,0.24,0.3,1.57,29.0,61.0,37.0,12.4,453,201,352,186,367,187,422,191
646,Wolves,MID,João Victor,Gomes da Silva,J.Gomes,João Gomes,2023-01-30,2001-02-12,107,6,529,2829,32,1,2,4,56,0,0,0,10,0,0,87,193,107,387,1.29,2.09,3.38,48.60,3.1,183,72,0.0,1.78,1.02,0.13,12.31,0.04,0.07,0.11,1.55,486.6,353.4,176.0,102.0,136,47,111,78,213,114,144,78
647,Wolves,MID,Gonçalo Manuel,Ganchinho Guedes,Guedes,,2022-08-08,1996-11-29,0,0,0,0,0,0,0,0,0,0,0,0,0,0,0,0,0,0,0,0.00,0.00,0.00,0.00,0.0,829,371,0.0,0.0,0.0,0.0,0.0,0.0,0.0,0.0,0.0,0.0,0.0,0.0,0.0,829,371,829,371,828,371,829,371
648,Wolves,MID,Marshall,Munetsi,Munetsi,,2025-02-03,1996-06-22,38,1,131,872,9,1,2,0,19,0,0,0,2,0,0,39,20,21,80,1.64,0.38,2.02,13.36,2.9,209,79,0.0,1.96,0.93,0.0,8.26,0.17,0.04,0.21,1.38,163.6,61.8,196.0,42.1,338,152,351,185,188,101,330,157
649,Wolves,MID,Boubacar,Traoré,B.Traore,,2023-07-01,2001-08-20,0,0,0,0,0,0,0,0,0,0,0,0,0,0,0,0,0,0,0,0.00,0.00,0.00,0.00,0.0,809,357,0.0,0.0,0.0,0.0,0.0,0.0,0.0,0.0,0.0,0.0,0.0,0.0,0.0,809,357,808,357,805,356,809,357
650,Wolves,MID,Tawanda,Chirewa,Chirewa,,2023-12-01,2003-10-12,2,0,4,25,0,0,0,0,0,0,0,0,0,0,0,1,1,2,4,0.00,0.00,0.00,0.50,1.0,477,207,0.0,0.0,0.0,0.0,14.4,0.0,0.0,0.0,1.8,3.2,0.3,0.0,0.4,502,228,496,240,631,236,515,233
651,Wolves,MID,Tom,Edozie,Edozie,,2024-11-22,2006-05-18,8,0,27,12,0,1,0,0,0,0,0,0,0,0,0,0,1,0,1,0.23,0.00,0.23,0.20,2.7,236,92,0.0,0.0,0.0,0.0,7.5,1.72,0.0,1.72,1.5,34.4,0.4,23.0,5.8,444,194,495,239,393,196,459,204
652,Wolves,MID,Enso,González Medina,Gonzalez,,2023-08-31,2005-01-20,0,0,0,0,0,0,0,0,0,0,0,0,0,0,0,0,0,0,0,0.00,0.00,0.00,0.00,0.0,677,258,0.0,0.0,0.0,0.0,0.0,0.0,0.0,0.0,0.0,0.0,0.0,0.0,0.0,666,249,662,253,640,243,669,251
653,Wolves,MID,Joe,Hodge,Hodge,,,,0,0,0,0,0,0,0,0,0,0,0,0,0,0,0,0,0,0,0,0.00,0.00,0.00,0.00,0.0,713,278,0.0,0.0,0.0,0.0,0.0,0.0,0.0,0.0,0.0,0.0,0.0,0.0,0.0,707,273,702,275,684,268,709,275
655,Wolves,FWD,Fábio,Soares Silva,Fábio Silva,,2020-09-05,2002-07-19,0,0,0,0,0,0,0,0,0,0,0,0,0,0,0,0,0,0,0,0.00,0.00,0.00,0.00,0.0,799,89,0.0,0.0,0.0,0.0,0.0,0.0,0.0,0.0,0.0,0.0,0.0,0.0,0.0,799,89,795,88,792,88,799,89
656,Wolves,FWD,Saša,Kalajdžić,Kalajdžić,,2022-08-31,1997-07-07,1,0,1,14,0,0,0,0,0,0,0,0,0,0,0,1,1,0,2,0.00,0.01,0.01,0.10,1.0,508,62,0.0,0.0,0.0,0.0,12.86,0.0,0.06,0.06,0.64,1.0,4.3,2.0,0.7,520,64,464,59,467,63,509,62
657,Wolves,FWD,Leon,Chiwome,Chiwome,,,,0,0,0,0,0,0,0,0,0,0,0,0,0,0,0,0,0,0,0,0.00,0.00,0.00,0.00,0.0,701,77,0.0,0.0,0.0,0.0,0.0,0.0,0.0,0.0,0.0,0.0,0.0,0.0,0.0,695,76,690,75,671,74,697,76
658,Wolves,FWD,Nathan,Fraser,Fraser,,,,0,0,0,0,0,0,0,0,0,0,0,0,0,0,0,0,0,0,0,0.00,0.00,0.00,0.00,0.0,662,67,0.0,0.0,0.0,0.0,0.0,0.0,0.0,0.0,0.0,0.0,0.0,0.0,0.0,652,65,646,64,622,64,655,66
663,Wolves,MID,Jhon,Arias,J.Arias,,2025-07-24,1997-09-21,45,2,175,1117,14,1,0,2,21,0,0,0,1,0,0,24,58,43,125,3.38,0.62,4.00,16.00,2.0,353,152,0.0,1.69,1.13,0.16,10.07,0.27,0.05,0.32,1.29,171.0,204.0,148.0,52.1,329,146,202,134,236,129,296,151
682,Wolves,DEF,David,Møller Wolfe,Møller Wolfe,,2025-08-02,2002-04-23,35,0,78,1042,11,0,2,1,23,0,0,0,1,0,0,40,26,10,50,0.13,1.09,1.22,20.33,1.6,409,148,0.0,1.99,0.95,0.09,4.32,0.01,0.09,0.1,1.76,159.8,126.5,46.0,33.3,340,128,275,78,349,116,358,120
695,Wolves,DEF,Jackson,Tchatchoua,Tchatchoua,,2025-08-19,2001-09-14,52,0,156,1834,19,0,1,3,37,0,0,0,3,0,0,79,62,29,108,0.33,1.60,1.93,30.68,1.7,395,144,0.0,1.82,0.93,0.15,5.3,0.02,0.08,0.1,1.51,318.2,349.9,69.0,73.8,234,93,116,30,326,106,224,79
709,Wolves,DEF,Ladislav,Krejcí,Krejčí,,2025-08-28,1999-04-20,68,1,235,2356,27,2,2,3,46,1,0,0,3,1,0,164,78,33,197,2.23,1.49,3.72,40.29,2.4,289,113,0.0,1.76,1.03,0.11,7.53,0.09,0.06,0.15,1.54,536.6,147.5,278.0,96.6,113,52,254,65,129,23,159,53
720,Wolves,FWD,Tolu,Arokodare,Tolu,,2025-09-01,2000-11-23,66,4,221,1402,13,3,2,3,28,0,0,1,1,0,0,50,26,7,83,5.49,0.39,5.88,22.89,2.0,354,37,0.0,1.8,0.83,0.19,5.33,0.35,0.03,0.38,1.47,252.4,178.4,561.0,98.2,276,28,227,22,44,19,155,24
749,Wolves,FWD,Mateus,Mané,Mané,,2025-02-24,2007-09-16,74,9,314,1787,19,3,2,5,30,0,0,0,0,0,0,33,77,27,137,2.01,3.69,5.70,31.75,2.7,235,26,0.0,1.51,0.96,0.25,6.9,0.1,0.19,0.29,1.6,328.2,489.6,283.0,109.5,226,22,59,2,126,33,122,20
766,Wolves,DEF,Saheed,Olagunju,Olagunju,,2025-12-19,2007-01-07,0,0,0,0,0,0,0,0,0,0,0,0,0,0,0,0,0,0,0,0.00,0.00,0.00,0.00,0.0,643,241,0.0,0.0,0.0,0.0,0.0,0.0,0.0,0.0,0.0,0.0,0.0,0.0,0.0,633,242,625,241,595,238,636,242
767,Wolves,MID,Luke,Rawlings,Rawlings,,2024-07-30,2008-04-04,0,0,0,0,0,0,0,0,0,0,0,0,0,0,0,0,0,0,0,0.00,0.00,0.00,0.00,0.0,764,323,0.0,0.0,0.0,0.0,0.0,0.0,0.0,0.0,0.0,0.0,0.0,0.0,0.0,763,322,756,321,743,318,763,322
777,Wolves,MID,Temple,Ojinnaka,Ojinnaka,,2024-04-19,2005-03-30,0,0,0,0,0,0,0,0,0,0,0,0,0,0,0,0,0,0,0,0.00,0.00,0.00,0.00,0.0,729,293,0.0,0.0,0.0,0.0,0.0,0.0,0.0,0.0,0.0,0.0,0.0,0.0,0.0,724,289,719,290,702,284,725,290
778,Wolves,MID,Ethan,Sutherland,Sutherland,,2025-12-29,2006-04-25,0,0,0,0,0,0,0,0,0,0,0,0,0,0,0,0,0,0,0,0.00,0.00,0.00,0.00,0.0,756,316,0.0,0.0,0.0,0.0,0.0,0.0,0.0,0.0,0.0,0.0,0.0,0.0,0.0,754,315,747,314,734,311,754,315
809,Wolves,MID,Jerome,Abbey,Abbey,,2026-01-30,2009-09-16,1,0,2,16,0,0,0,0,0,0,0,0,0,0,0,1,0,1,2,0.00,0.00,0.00,0.42,1.0,503,228,0.0,0.0,0.0,0.0,11.25,0.0,0.0,0.0,2.36,3.2,0.0,0.0,0.3,504,229,775,336,763,334,522,239
816,Wolves,MID,Angel,Gomes,Angel,,2026-02-02,2000-08-31,16,0,78,457,7,0,0,1,8,0,0,0,1,0,0,6,17,10,33,0.25,0.28,0.53,12.15,1.3,445,195,0.0,1.58,1.38,0.2,6.5,0.05,0.06,0.11,2.39,52.8,91.5,28.0,17.1,429,184,306,173,385,193,407,186
817,Wolves,FWD,Adam,Armstrong,Armstrong,,2026-02-02,1997-02-10,39,1,129,1141,14,2,2,3,20,0,0,0,3,0,0,14,15,8,37,2.77,0.85,3.62,22.93,2.8,226,24,0.0,1.58,1.1,0.24,2.92,0.22,0.07,0.29,1.81,145.0,85.0,191.0,41.9,352,37,313,37,194,42,333,41
828,Wolves,GKP,Alfie,Brooks,Brooks,,2026-04-17,2003-10-15,0,0,0,0,0,0,0,0,0,0,0,0,0,0,0,0,0,0,0,0.00,0.00,0.00,0.00,0.0,615,80,0.0,0.0,0.0,0.0,0.0,0.0,0.0,0.0,0.0,0.0,0.0,0.0,0.0,604,80,595,69,564,54,607,80
831,Wolves,GKP,Josh,Gracey,Gracey,,2026-04-01,2007-12-14,0,0,0,0,0,0,0,0,0,0,0,0,0,0,0,0,0,0,0,0.00,0.00,0.00,0.00,0.0,649,89,0.0,0.0,0.0,0.0,0.0,0.0,0.0,0.0,0.0,0.0,0.0,0.0,0.0,639,89,631,79,601,64,642,89
